Date,Open,High,Low,Close,Volume,Change
2013-09-16,21066,21433,20933,21400,39903,
2013-09-17,21333,21600,21166,21333,31171,-0.003130841121495309
2013-09-23,21366,21666,21166,21200,39374,-0.006234472413631509
2013-09-24,21133,21766,21133,21567,39600,0.017311320754717086
2013-09-25,21666,21666,21166,21400,40322,-0.007743311540779896
2013-09-26,21400,22033,21400,22033,64421,0.029579439252336526
2013-09-27,22133,22600,22000,22400,68460,0.016656832932419485
2013-09-30,22233,22300,21733,22000,31073,-0.017857142857142905
2013-10-01,21866,21966,21200,21333,45308,-0.0303181818181818
2013-10-02,21733,22133,21500,21600,48797,0.012515820559696245
2013-10-04,21600,21600,21200,21467,30453,-0.006157407407407445
2013-10-07,21700,21966,21133,21133,39224,-0.015558764615456244
2013-10-08,20866,21233,20600,21233,52207,0.0047319358349500185
2013-10-10,21166,21166,20833,20933,28932,-0.014128950218998737
2013-10-11,21300,21500,21100,21333,30800,0.019108584531600803
2013-10-14,21300,22066,21166,21733,89695,0.018750292973327642
2013-10-15,21933,22033,21500,21867,37396,0.006165738738324267
2013-10-16,21633,21866,21133,21233,35873,-0.02899346046554163
2013-10-17,21466,21633,20666,20767,39284,-0.021946969340178035
2013-10-18,20833,21066,20766,21033,23412,0.012808783165599191
2013-10-21,21066,21533,21033,21133,23311,0.004754433509247313
2013-10-22,21133,21266,20933,21000,23831,-0.006293474660483578
2013-10-23,21100,21100,20433,20533,43500,-0.02223809523809528
2013-10-24,20466,20933,20400,20933,24989,0.01948083572785264
2013-10-25,20933,21100,20633,20800,24675,-0.0063536043567572476
2013-10-28,20800,20966,20466,20600,32965,-0.009615384615384581
2013-10-29,20533,20666,20300,20333,36402,-0.012961165048543721
2013-10-30,20500,20766,20333,20600,32220,0.013131362809226443
2013-10-31,20533,20733,19933,20200,72345,-0.01941747572815533
2013-11-01,20000,20466,19933,20433,35817,0.011534653465346434
2013-11-04,20333,20333,19866,19867,46844,-0.027700288748592983
2013-11-05,19966,19966,18899,19067,102741,-0.04026778074193382
2013-11-06,18966,19400,18933,19233,44331,0.00870614150102278
2013-11-07,19399,19466,18700,18867,43868,-0.019029792544064894
2013-11-08,18600,18866,18266,18500,67090,-0.019451953145704137
2013-11-11,18733,18733,17433,17533,98516,-0.052270270270270314
2013-11-12,17366,18133,17333,17933,58004,0.02281412194148169
2013-11-13,18300,18700,17766,18000,82238,0.003736128924329396
2013-11-14,18133,18433,18000,18400,25782,0.022222222222222143
2013-11-15,18533,18599,18233,18267,31920,-0.007228260869565184
2013-11-18,18266,18533,17633,17767,57314,-0.027371763288991047
2013-11-19,17533,18166,17533,18133,34368,0.02059998874317559
2013-11-20,18066,18433,17733,17867,30677,-0.014669387304913739
2013-11-21,17766,18133,17300,17400,61029,-0.026137572060222714
2013-11-22,17499,17533,16666,17067,52971,-0.019137931034482802
2013-11-25,17300,18300,17200,18000,72889,0.054666901037089044
2013-11-26,18000,18600,17766,18533,46604,0.029611111111111033
2013-11-27,18666,18666,18133,18400,28129,-0.007176388064533579
2013-11-28,18466,18666,18233,18600,36780,0.010869565217391353
2013-11-29,18700,18700,18266,18433,29038,-0.008978494623655964
2013-12-02,18433,18733,18133,18600,35328,0.00905983833342372
2013-12-03,18633,18833,18366,18567,28320,-0.0017741935483871485
2013-12-04,18366,18566,18233,18300,20455,-0.014380352237841287
2013-12-05,18299,18399,17599,17867,58219,-0.023661202185792374
2013-12-06,17599,18066,17599,17667,46152,-0.011193821010802019
2013-12-09,17900,18000,17600,17600,32817,-0.00379238127582493
2013-12-10,17600,17766,17033,17033,60393,-0.0322159090909091
2013-12-11,17000,17466,16900,17200,23262,0.009804497152586134
2013-12-12,17199,17466,16999,17467,30995,0.01552325581395353
2013-12-13,17400,17400,17033,17333,19955,-0.007671609320432871
2013-12-16,17199,17366,16866,16867,15896,-0.026885132406392453
2013-12-17,16900,17133,16333,16333,41342,-0.0316594533704867
2013-12-18,16233,16499,15933,16233,56568,-0.0061225739300802
2013-12-19,16400,16633,15966,15967,45475,-0.01638637343682625
2013-12-20,15966,16333,15966,16333,41169,0.022922277196718133
2013-12-23,16400,16466,16266,16367,18753,0.0020816751362273678
2013-12-24,16433,16633,16300,16533,19960,0.010142359626076791
2013-12-26,16533,16533,16233,16400,31545,-0.008044517026552955
2013-12-27,16399,16966,16233,16767,38742,0.02237804878048788
2013-12-30,16933,17533,16833,17533,47455,0.045684976441820346
2014-01-02,17600,17700,17166,17400,35358,-0.00758569554554267
2014-01-03,17333,17700,17133,17700,32564,0.01724137931034475
2014-01-06,17733,17733,17333,17700,20604,0.0
2014-01-07,17466,18533,17466,18333,89852,0.035762711864406826
2014-01-08,18366,18733,18199,18467,50193,0.007309223804069065
2014-01-09,18533,18566,18100,18233,28149,-0.012671251421454532
2014-01-10,18099,18299,17566,17867,53778,-0.020073493116876007
2014-01-13,17933,19000,17800,18700,90936,0.04662226450999052
2014-01-14,18733,18866,18400,18600,51515,-0.005347593582887722
2014-01-15,19400,20466,19100,19100,306811,0.026881720430107503
2014-01-16,19266,20133,19266,20067,181381,0.05062827225130895
2014-01-17,20066,20166,19799,20067,74003,0.0
2014-01-20,20000,20466,19733,20400,96526,0.01659440873075191
2014-01-21,20300,20466,20066,20300,56754,-0.004901960784313708
2014-01-22,20200,20700,20033,20333,56355,0.001625615763546806
2014-01-23,20333,21333,20200,21133,129751,0.039344907293562104
2014-01-24,21133,21300,20699,21200,62961,0.00317039700941657
2014-01-27,20766,20766,20000,20133,78345,-0.050330188679245325
2014-01-28,20133,20700,20133,20533,54009,0.01986787860726169
2014-01-29,20666,21100,20433,20800,63320,0.013003457848341782
2014-02-03,20533,20633,20033,20333,40357,-0.02245192307692312
2014-02-04,19833,20100,19566,19933,52140,-0.019672453646781052
2014-02-05,20200,21000,20200,21000,82767,0.053529323232829995
2014-02-06,21133,23266,21000,23267,315705,0.10795238095238102
2014-02-07,23266,23433,22766,23267,176794,0.0
2014-02-10,23400,23600,22933,23133,94468,-0.005759229810461175
2014-02-11,23133,23766,22833,23767,131231,0.027406734967362567
2014-02-12,24200,24266,22666,22733,212287,-0.04350570118231156
2014-02-13,22733,23366,22733,22933,77631,0.008797782958694489
2014-02-14,23166,24666,23100,24267,280378,0.05816945013735664
2014-02-17,24733,25100,24066,24467,154725,0.008241645032348366
2014-02-18,24866,27166,24700,26067,672586,0.06539420443863153
2014-02-19,26300,27000,25700,26900,314473,0.031956113093182914
2014-02-20,26766,27333,26533,26900,185128,0.0
2014-02-21,27000,27100,26233,26533,150146,-0.013643122676579966
2014-02-24,26533,26966,25733,26100,113238,-0.016319300493724764
2014-02-25,26366,26766,25766,26467,150483,0.014061302681992238
2014-02-26,26900,28000,26233,26233,384227,-0.0088411984735709
2014-02-27,26000,27300,25466,27133,300365,0.03430793275645172
2014-02-28,27399,27766,26766,27300,163147,0.006154866767404954
2014-03-03,27200,27466,26666,27167,119204,-0.004871794871794899
2014-03-04,27100,27233,26333,26767,174212,-0.014723745720911396
2014-03-05,27066,27466,26266,27333,191054,0.021145440280943006
2014-03-06,27200,28800,27200,28533,344783,0.04390297442651736
2014-03-07,28666,29666,28200,29500,271904,0.03389058283391155
2014-03-10,29400,30000,29066,29833,123146,0.011288135593220394
2014-03-11,29633,30366,29233,29667,134157,-0.0055643079810947516
2014-03-12,29733,29733,28433,28667,240722,-0.03370748643273669
2014-03-13,28766,31166,28766,30667,408989,0.0697666306205742
2014-03-14,30533,31333,30233,30533,181836,-0.004369517722633498
2014-03-17,30800,30800,28600,29000,211801,-0.05020797170274782
2014-03-18,29066,29466,28433,29367,138312,0.012655172413793103
2014-03-19,29166,29433,27866,28400,269271,-0.03292811659345529
2014-03-20,28066,29233,27533,28133,222960,-0.009401408450704252
2014-03-21,28300,29300,28266,28800,168144,0.023708811715778655
2014-03-24,28666,28766,26966,27067,319131,-0.06017361111111108
2014-03-25,26733,27433,26366,27133,185949,0.0024383936158420827
2014-03-26,27533,27666,26766,27200,119130,0.002469317804887128
2014-03-27,26900,27000,26100,26667,192584,-0.01959558823529417
2014-03-28,26733,27533,26733,27333,134706,0.02497468781640233
2014-03-31,27399,27433,26333,26500,105551,-0.030475981414407438
2014-04-01,26733,27300,26300,26500,166287,0.0
2014-04-02,27233,29900,27233,29433,419477,0.11067924528301898
2014-04-03,30566,30933,28833,29200,331116,-0.00791628444263237
2014-04-04,29133,31533,28900,30400,408444,0.041095890410958846
2014-04-07,29666,29766,28833,29267,201756,-0.03726973684210522
2014-04-08,28933,29400,28200,29067,153862,-0.006833635152219242
2014-04-09,29600,29633,28600,28800,107623,-0.009185674476210104
2014-04-10,29033,29633,28666,29333,86323,0.01850694444444434
2014-04-11,28333,28466,27499,27800,239358,-0.052261957522244606
2014-04-14,27733,28233,27433,27967,123093,0.006007194244604275
2014-04-15,27999,28333,27566,27700,113354,-0.009546966067150553
2014-04-16,27833,29433,27833,28667,227796,0.03490974729241869
2014-04-17,29166,29366,28366,28733,119428,0.002302298810479053
2014-04-18,28900,29133,28266,28533,85906,-0.006960637594403685
2014-04-21,28600,29233,27533,27667,125885,-0.030350821855395504
2014-04-22,27933,28233,27666,27800,80257,0.004807170997939814
2014-04-23,28166,29000,27966,27967,145539,0.006007194244604275
2014-04-24,28133,28333,27000,28333,106293,0.013086852361712031
2014-04-25,28366,28633,27400,27700,71385,-0.022341439311050704
2014-04-28,27366,27733,27233,27467,52282,-0.008411552346570428
2014-04-29,27833,28433,27633,28000,116124,0.019405104306986498
2014-04-30,28066,28300,27733,28000,46594,0.0
2014-05-02,28266,29333,28166,28567,233722,0.0202500000000001
2014-05-07,28466,28500,27500,27733,105215,-0.02919452515139842
2014-05-08,27733,28400,27566,27733,67485,0.0
2014-05-09,27566,28166,27300,27833,67365,0.0036058125698625876
2014-05-12,27966,27966,27366,27900,49732,0.0024072144576581245
2014-05-13,28266,29000,28266,28800,181012,0.032258064516129004
2014-05-14,28966,29133,28533,28867,124499,0.0023263888888889195
2014-05-15,28933,30133,28766,29600,256955,0.02539231648595286
2014-05-16,29500,29766,28166,28533,198060,-0.036047297297297276
2014-05-19,28466,28600,27066,27267,172234,-0.044369677215855274
2014-05-20,27300,27766,26566,27267,166561,0.0
2014-05-21,26700,27533,26700,27333,61758,0.00242050830674434
2014-05-22,27433,27699,27166,27167,56418,-0.006073244795668287
2014-05-23,27300,28566,27300,27800,113279,0.02330032760334233
2014-05-26,27800,28066,27500,27567,52820,-0.00838129496402873
2014-05-27,27666,27900,26833,27233,77311,-0.012115935720245274
2014-05-28,27266,27466,26733,27167,70901,-0.0024235302757683597
2014-05-29,27066,27633,27033,27433,41299,0.009791290904406003
2014-05-30,28000,28699,27666,28467,242453,0.037691831006452015
2014-06-02,28500,28533,27333,27367,90173,-0.038641233709207135
2014-06-03,27466,27466,26533,26533,136381,-0.03047465926115389
2014-06-05,26533,27266,26533,26767,68376,0.00881920627143562
2014-06-09,26566,27100,24866,24933,214805,-0.06851720401987527
2014-06-10,24900,25566,24866,25467,84352,0.021417398628323925
2014-06-11,25566,26000,25200,26000,57288,0.02092904543134244
2014-06-12,25933,26033,25466,25900,61049,-0.0038461538461538325
2014-06-13,25766,26000,25200,25333,80948,-0.02189189189189189
2014-06-16,25400,25633,25033,25633,54510,0.011842261082382732
2014-06-17,25833,26233,25800,26233,69224,0.023407326493192437
2014-06-18,26333,26333,25733,25800,43054,-0.01650592764838177
2014-06-19,25899,26133,25400,25667,39886,-0.005155038759689923
2014-06-20,25566,25900,25433,25633,30770,-0.0013246581213230968
2014-06-23,25633,25833,25333,25600,31576,-0.001287402957125594
2014-06-24,25600,25700,24466,24800,105223,-0.03125
2014-06-25,24666,24733,23333,23333,183074,-0.05915322580645166
2014-06-26,23500,24100,23433,24033,81178,0.03000042857755103
2014-06-27,24033,24266,23666,23733,49186,-0.01248283610036205
2014-06-30,23766,24400,23733,24400,44171,0.028104327307967747
2014-07-01,24400,25233,24300,25033,96847,0.025942622950819727
2014-07-02,25200,25233,24833,25067,43342,0.0013582071665401152
2014-07-03,24966,25166,24700,25067,43512,0.0
2014-07-04,24966,25633,24666,25433,71487,0.01460086966928631
2014-07-07,25800,26533,25666,26033,107691,0.023591397003892567
2014-07-08,25833,25933,25333,25833,79220,-0.007682556754888048
2014-07-09,25500,25800,25166,25267,59959,-0.021909960128517758
2014-07-10,25533,25833,25200,25333,59095,0.0026121027427079557
2014-07-11,25200,26566,25200,26167,143346,0.032921485809023876
2014-07-14,26200,26400,25900,26233,64837,0.002522260862918957
2014-07-15,26433,26433,25433,25467,66931,-0.029199862768269025
2014-07-16,25333,25466,23900,24167,165156,-0.05104645227156712
2014-07-17,24300,24833,24066,24667,63491,0.02068936980179581
2014-07-18,24466,24700,24300,24600,36265,-0.002716179511087713
2014-07-21,24733,25633,24733,25200,95237,0.024390243902439046
2014-07-22,25300,28966,25000,28967,617058,0.14948412698412694
2014-07-23,29600,31400,28900,30533,964599,0.05406151827942152
2014-07-24,30833,35000,30666,34733,1203965,0.1375560868568435
2014-07-25,34133,35200,33533,33867,464682,-0.024933060777934557
2014-07-28,34333,36866,32666,33333,687708,-0.015767561342900138
2014-07-29,33400,33933,31566,32500,444205,-0.024990249902498984
2014-07-30,32466,33466,31900,32733,439757,0.007169230769230817
2014-07-31,32600,32766,31100,31733,336148,-0.03055020926893348
2014-08-01,31300,33666,31200,31833,563703,0.003151293606025174
2014-08-04,31733,33166,30833,33167,317179,0.04190619797065942
2014-08-05,33333,33600,32133,32167,291808,-0.030150450749238722
2014-08-06,32000,36933,31566,36933,968485,0.14816426772779567
2014-08-07,38466,39266,36800,38667,733038,0.04694988221915364
2014-08-08,38133,40199,36933,39733,637577,0.02756872785579434
2014-08-11,39733,39800,38000,38000,366486,-0.04361613771927619
2014-08-12,38866,41466,35133,36667,1240698,-0.0350789473684211
2014-08-13,36666,37800,35800,37000,391665,0.00908173562058523
2014-08-14,37466,37666,36200,37467,227881,0.012621621621621726
2014-08-18,37400,39066,36933,37600,300054,0.003549790482290982
2014-08-19,38266,38733,37133,38667,269181,0.028377659574468028
2014-08-20,38400,39666,37866,38067,371552,-0.015517107611141334
2014-08-21,38000,38466,34666,34667,393714,-0.0893162056374287
2014-08-22,35400,35599,34066,34533,379958,-0.003865347448582246
2014-08-25,34733,35466,34200,34200,227337,-0.00964295022152728
2014-08-26,34533,36866,34200,36267,340754,0.06043859649122818
2014-08-27,36666,36866,35266,35333,157958,-0.02575343976617861
2014-08-28,35266,36533,35066,35200,137213,-0.0037641864545892023
2014-08-29,35000,36266,33033,33067,281577,-0.060596590909090864
2014-09-01,33733,34600,33300,34467,169564,0.042338282880212796
2014-09-02,34200,34466,33266,33733,125443,-0.02129573214959235
2014-09-03,33666,35200,33666,34467,156128,0.021759108291584006
2014-09-04,34800,35666,34266,34867,131603,0.011605303623756003
2014-09-05,34800,34933,34066,34200,110580,-0.019129836234835218
2014-09-11,34000,34200,33266,33267,102327,-0.027280701754386016
2014-09-12,33666,33999,32199,32933,156302,-0.010039979559323009
2014-09-15,33000,33733,32666,33167,82183,0.007105335074241603
2014-09-16,33466,34133,33199,33733,85331,0.01706515512406903
2014-09-17,33933,34066,33166,33267,87214,-0.013814365754602265
2014-09-18,33333,33466,32099,32267,138792,-0.030059819039889413
2014-09-19,32300,33066,32300,33000,93215,0.02271670747203025
2014-09-22,33133,33666,32700,33267,108602,0.008090909090909149
2014-09-23,33800,35733,33800,34667,358354,0.04208374665584502
2014-09-24,35133,35333,34466,34733,141419,0.0019038278478091808
2014-09-25,35666,36066,34666,34733,221607,0.0
2014-09-26,34266,34266,33300,33467,166775,-0.03644948607952092
2014-09-29,33300,33466,31900,32133,191970,-0.03986016075537091
2014-09-30,32000,32900,31800,32500,112296,0.01142128030373768
2014-10-01,32500,33166,31733,31733,125057,-0.023599999999999954
2014-10-02,31266,32366,30700,32000,124544,0.008413953928087414
2014-10-06,32000,32233,30233,30267,183781,-0.05415625000000002
2014-10-07,31133,32400,30800,30933,202535,0.022004162949747164
2014-10-08,30700,31633,30200,30533,109461,-0.012931173827304132
2014-10-10,30433,30433,27900,28200,267132,-0.07640913110405134
2014-10-13,28000,28166,26699,27267,157683,-0.03308510638297868
2014-10-14,27033,27933,26633,26933,201543,-0.012249239006858148
2014-10-15,27200,30500,27200,29733,441691,0.10396168269409278
2014-10-16,29866,30500,28933,29200,241844,-0.017926209935088977
2014-10-17,29633,31100,29466,30000,225356,0.027397260273972712
2014-10-20,30000,31766,29466,31167,225920,0.038899999999999935
2014-10-21,31400,31799,30766,31100,160945,-0.0021497096287740325
2014-10-22,32233,32866,31066,31067,250371,-0.0010610932475884072
2014-10-23,31600,31966,30366,30367,183124,-0.022531947082112813
2014-10-24,30966,33266,30866,32967,492233,0.08561925774689638
2014-10-27,33466,33666,31933,32133,210231,-0.025298025298025273
2014-10-28,32333,33233,31666,32433,164784,0.009336196433572974
2014-10-29,32933,33800,31633,31700,270541,-0.022600437825671338
2014-10-30,31700,31733,29766,29867,247316,-0.057823343848580455
2014-10-31,29800,30433,29000,29533,130875,-0.011182910905012222
2014-11-03,29866,31033,29733,30567,125281,0.03501168184742487
2014-11-04,30699,31499,29000,29067,158808,-0.04907252919815486
2014-11-05,29200,30600,28900,29300,156761,0.008015963119688996
2014-11-06,29566,29666,26800,27300,406285,-0.06825938566552903
2014-11-07,27200,27966,26533,27833,152209,0.0195238095238095
2014-11-10,27833,28100,27133,27233,113945,-0.0215571443969389
2014-11-11,27233,28466,27200,27667,148964,0.015936547570961634
2014-11-12,27933,28099,27400,27400,77034,-0.009650486138721215
2014-11-13,27733,27800,27166,27267,91748,-0.0048540145985401795
2014-11-14,27333,27533,26600,26667,128541,-0.022004620970403788
2014-11-17,26866,26866,25233,25333,200936,-0.05002437469531629
2014-11-18,25233,26200,25233,25933,87068,0.023684522164765243
2014-11-19,26200,27133,26200,26667,119289,0.0283037057031581
2014-11-20,27133,27233,25966,26267,63808,-0.014999812502343723
2014-11-21,26800,27033,25866,25867,74962,-0.015228233144249481
2014-11-24,26133,26133,25200,25800,126204,-0.0025901728070514274
2014-11-25,25800,27133,25800,26400,111635,0.023255813953488413
2014-11-26,26666,27033,26466,27000,76294,0.022727272727272707
2014-11-27,27133,27133,26100,26600,85578,-0.014814814814814836
2014-11-28,26833,26833,26066,26167,84348,-0.01627819548872178
2014-12-01,26066,26066,25166,25433,94989,-0.02805059808155308
2014-12-02,25200,27000,25200,26933,152178,0.05897849250973142
2014-12-03,27166,28133,26800,27900,182577,0.035903909701852754
2014-12-04,28000,28233,27333,28000,101656,0.0035842293906809264
2014-12-05,28033,28533,27766,28000,116017,0.0
2014-12-08,27766,28100,27366,27633,156263,-0.013107142857142873
2014-12-09,28066,28400,27700,27867,199273,0.00846813592443807
2014-12-10,27966,28266,27300,28033,127881,0.005956866544658546
2014-12-11,28066,28066,27433,27633,118681,-0.014268897370955713
2014-12-12,27833,27866,27000,27000,79040,-0.022907393334057113
2014-12-15,27000,27500,26866,27333,54914,0.012333333333333307
2014-12-16,27300,28266,26200,26200,140605,-0.04145172502103689
2014-12-17,26333,26500,25566,25867,104657,-0.012709923664122158
2014-12-18,26000,26200,24400,25567,159015,-0.01159778868829009
2014-12-19,25700,26400,25600,25900,76838,0.013024602026049159
2014-12-22,26300,26300,25666,25833,48619,-0.002586872586872624
2014-12-23,26066,27500,25966,26800,142031,0.03743274106762673
2014-12-24,26966,27133,26433,26800,39786,0.0
2014-12-26,26699,27299,26466,26467,81073,-0.012425373134328344
2014-12-29,26666,27133,26033,26300,92891,-0.006309744209770707
2014-12-30,26333,26466,25633,25800,83092,-0.019011406844106515
2015-01-02,25866,26833,25666,26400,75735,0.023255813953488413
2015-01-05,26533,28333,26533,28333,234783,0.07321969696969699
2015-01-06,28266,29300,27933,28733,231460,0.014117813150742897
2015-01-07,28733,29233,28433,28933,96986,0.006960637594403574
2015-01-08,29600,30000,28800,28933,153285,0.0
2015-01-09,29300,29933,28933,29733,118546,0.02765008813465597
2015-01-12,29566,29966,29333,29900,86784,0.00561665489523433
2015-01-13,30100,33033,30100,31633,690641,0.05795986622073568
2015-01-14,32300,32666,31533,31933,254046,0.009483766952233408
2015-01-15,32133,33333,31666,33267,298770,0.041774966335765606
2015-01-16,33333,33533,32033,32067,170454,-0.03607178284786727
2015-01-19,32566,32566,31566,32333,159541,0.008295132067234201
2015-01-20,32300,33133,31666,32900,144590,0.017536263260445883
2015-01-21,33033,33666,32366,32533,129669,-0.011155015197568341
2015-01-22,32400,32633,30800,31500,197770,-0.03175237451203394
2015-01-23,31633,32133,31266,32000,85597,0.015873015873015817
2015-01-26,31900,32300,31200,31733,79098,-0.008343749999999983
2015-01-27,32033,35133,31966,34600,514626,0.0903475876847446
2015-01-28,34466,36200,34000,35933,337556,0.038526011560693574
2015-01-29,35666,36666,35066,35733,233833,-0.005565914340578293
2015-01-30,35999,37666,35199,37333,298693,0.04477653709456253
2015-02-02,37200,38666,36266,38000,281424,0.017866230948490713
2015-02-03,38333,38933,37466,38000,182839,0.0
2015-02-04,38133,39600,37733,38400,177963,0.010526315789473717
2015-02-05,38666,39133,38066,38067,129538,-0.008671874999999996
2015-02-06,38200,38333,36666,37133,254843,-0.024535687078046653
2015-02-09,37599,38733,35533,35933,342971,-0.032316268548191585
2015-02-10,35933,36200,34533,36133,284841,0.005565914340578404
2015-02-11,36400,38466,36333,37867,241940,0.04798937259568814
2015-02-12,37799,37999,36466,36533,127353,-0.0352285631288457
2015-02-13,36533,40999,36333,39533,660547,0.08211753756877349
2015-02-16,38533,40599,36466,36933,505148,-0.06576783952647158
2015-02-17,36799,37466,34600,34733,315021,-0.05956732461484304
2015-02-23,35466,37333,35000,36667,299534,0.0556819163331701
2015-02-24,36800,36933,35666,35867,149731,-0.021817983472877556
2015-02-25,36066,36266,33466,34000,318360,-0.05205341957788501
2015-02-26,33866,35333,33866,34867,260810,0.025500000000000078
2015-02-27,34666,37733,34133,36533,522930,0.04778156996587035
2015-03-02,37066,38866,34866,35467,457686,-0.02917909834943755
2015-03-03,36000,36133,34466,34600,178460,-0.02444525897312999
2015-03-04,34600,35533,34533,35267,109462,0.019277456647398772
2015-03-05,35466,35599,34333,34533,96333,-0.020812657725352346
2015-03-06,34666,35733,34266,35667,116073,0.03283815480844399
2015-03-09,35533,35600,34266,34400,121826,-0.03552303249502342
2015-03-10,34600,34866,32933,33800,142825,-0.01744186046511631
2015-03-11,33133,34333,33133,34267,64233,0.013816568047337219
2015-03-12,34533,35333,34000,35133,90834,0.025272127703037883
2015-03-13,35400,35400,34466,35000,107574,-0.0037856146642757382
2015-03-16,35133,36533,34600,36333,176930,0.03808571428571428
2015-03-17,36333,37600,36200,37200,254802,0.023862604244075714
2015-03-18,39000,41950,38400,39050,662625,0.04973118279569899
2015-03-19,39700,39700,36950,37900,237963,-0.02944942381562099
2015-03-20,38300,39650,38250,38600,138870,0.01846965699208436
2015-03-23,39050,39250,38000,38000,82382,-0.015544041450777257
2015-03-24,38000,38550,37300,37800,83481,-0.0052631578947368585
2015-03-25,37600,39150,37600,39000,95444,0.031746031746031855
2015-03-26,38500,38500,37400,37950,109431,-0.02692307692307694
2015-03-27,37950,38150,36950,37200,93296,-0.01976284584980237
2015-03-30,37600,38000,36850,37700,52846,0.013440860215053752
2015-03-31,37850,37900,37250,37250,57020,-0.011936339522546469
2015-04-01,37300,37400,36200,36500,109201,-0.020134228187919434
2015-04-02,36500,41700,36500,40200,450549,0.10136986301369855
2015-04-03,41300,43350,40250,40650,326923,0.011194029850746245
2015-04-06,40650,40650,39450,39600,120309,-0.02583025830258301
2015-04-07,40000,42250,39800,40750,254427,0.029040404040403978
2015-04-08,40600,41000,39500,40100,114873,-0.015950920245398792
2015-04-09,39700,41150,39150,40500,156334,0.009975062344139696
2015-04-10,41000,41400,39650,39700,192783,-0.01975308641975304
2015-04-13,39000,40500,38750,39700,326349,0.0
2015-04-14,39850,43100,39150,40200,900365,0.012594458438287104
2015-04-15,40950,41850,40500,41500,347035,0.03233830845771135
2015-04-16,41500,42650,40300,41700,405072,0.004819277108433662
2015-04-17,42000,45750,41450,44550,942067,0.06834532374100721
2015-04-20,43900,45750,43800,44200,475130,-0.007856341189674487
2015-04-21,44050,44850,43050,43400,273293,-0.018099547511312264
2015-04-22,43900,44550,40050,41600,604380,-0.04147465437788023
2015-04-23,41600,41850,39500,40100,293078,-0.03605769230769229
2015-04-24,40700,40950,39150,39800,209599,-0.007481296758104716
2015-04-27,40050,40500,39300,39500,162623,-0.007537688442211032
2015-04-28,39550,39900,38650,38900,191172,-0.015189873417721489
2015-04-29,38900,39600,38300,39150,146748,0.006426735218509005
2015-04-30,39100,39150,36700,37500,328133,-0.04214559386973182
2015-05-04,37650,37800,35400,35450,235730,-0.05466666666666664
2015-05-06,35000,35450,34000,34150,206326,-0.03667136812411853
2015-05-07,34250,35750,32800,35750,329249,0.04685212298682284
2015-05-08,35800,36300,35300,35800,121857,0.0013986013986013734
2015-05-11,36200,36350,35450,35450,126452,-0.009776536312849138
2015-05-12,35100,36450,34900,35300,121309,-0.004231311706629048
2015-05-13,34950,35800,33800,35700,166350,0.011331444759206777
2015-05-14,35950,35950,34250,34700,154452,-0.02801120448179273
2015-05-15,34950,35300,34450,35000,167201,0.008645533141210304
2015-05-18,35550,37800,35500,36600,458248,0.04571428571428582
2015-05-19,36650,37650,35800,36700,204701,0.002732240437158362
2015-05-20,36600,38350,35950,37350,346561,0.017711171662125436
2015-05-21,37450,39450,37450,38550,349772,0.032128514056224855
2015-05-22,38600,39150,36500,36800,236948,-0.045395590142671804
2015-05-26,36350,36400,35000,35700,191017,-0.029891304347826053
2015-05-27,35600,36700,34500,35750,177329,0.0014005602240896309
2015-05-28,36700,37050,36250,36300,118637,0.01538461538461533
2015-05-29,36000,38000,35700,37800,257172,0.04132231404958686
2015-06-01,38650,41000,38650,39300,538243,0.039682539682539764
2015-06-02,39900,40000,38100,39200,246994,-0.0025445292620864812
2015-06-03,39250,39800,37050,37100,229792,-0.0535714285714286
2015-06-04,37450,38100,36650,37550,125531,0.0121293800539084
2015-06-05,37100,38450,36850,38200,168106,0.017310252996005415
2015-06-08,38700,38850,36800,36900,146928,-0.03403141361256545
2015-06-09,36900,37150,36050,36800,158855,-0.0027100271002710175
2015-06-10,37150,37350,35500,36150,205237,-0.017663043478260865
2015-06-11,36200,36350,35450,35800,115328,-0.009681881051175623
2015-06-12,35800,36900,35650,35650,139515,-0.0041899441340782495
2015-06-15,35550,36900,35400,35650,118142,0.0
2015-06-16,35700,36250,34300,35200,151472,-0.012622720897615736
2015-06-17,35600,37150,34400,36400,155867,0.03409090909090917
2015-06-18,36700,39100,36600,39100,422225,0.07417582417582413
2015-06-19,39500,39900,38300,38950,186601,-0.0038363171355498826
2015-06-22,38900,39050,38000,38600,174410,-0.00898587933247752
2015-06-23,39050,41500,38700,41500,678070,0.07512953367875652
2015-06-24,41950,42750,41200,41650,401015,0.0036144578313253017
2015-06-25,41650,42350,40800,42100,274156,0.010804321728691502
2015-06-26,42300,43350,39300,39300,517521,-0.0665083135391924
2015-06-29,37850,39400,37650,38250,247380,-0.026717557251908386
2015-06-30,39000,39700,37600,38750,226542,0.013071895424836555
2015-07-01,38850,40250,38550,40000,195287,0.032258064516129004
2015-07-02,40300,42150,39800,40600,372097,0.014999999999999902
2015-07-03,40600,41950,39500,41500,313761,0.022167487684729092
2015-07-06,40500,44800,40000,42050,819233,0.013253012048192847
2015-07-07,43050,44300,37700,38300,695451,-0.08917954815695606
2015-07-08,38350,38700,36600,37600,252485,-0.018276762402088753
2015-07-09,37000,38150,35600,38150,275269,0.0146276595744681
2015-07-10,38250,39300,37900,38800,308759,0.017038007863696025
2015-07-13,38800,40850,38300,40350,197877,0.0399484536082475
2015-07-14,40550,40950,39900,40300,90724,-0.0012391573729864103
2015-07-15,40600,41850,40100,40450,183260,0.003722084367245637
2015-07-16,40450,41250,39000,39600,189799,-0.021013597033374576
2015-07-17,40300,42850,39600,41800,462028,0.05555555555555558
2015-07-20,42350,44450,41650,43700,547365,0.045454545454545414
2015-07-21,44100,49600,43800,48450,1637964,0.10869565217391308
2015-07-22,48650,49650,47400,48800,591905,0.007223942208462342
2015-07-23,49050,49500,47650,49000,376529,0.004098360655737654
2015-07-24,49200,50400,48150,49350,478160,0.0071428571428571175
2015-07-27,48400,48400,44850,44850,592316,-0.09118541033434646
2015-07-28,43800,46700,42950,46600,475683,0.03901895206243022
2015-07-29,47200,47500,42500,42600,320259,-0.0858369098712446
2015-07-30,43400,44150,41500,41800,292027,-0.018779342723004744
2015-07-31,41500,43100,40350,42850,227140,0.02511961722488043
2015-08-03,42900,43450,38350,38350,398065,-0.10501750291715284
2015-08-04,38000,39500,37450,39500,242974,0.02998696219035213
2015-08-05,39900,41200,39550,40500,172785,0.025316455696202445
2015-08-06,41200,42150,40600,41200,166999,0.01728395061728394
2015-08-07,40100,41700,39650,41600,166004,0.009708737864077666
2015-08-10,41600,41800,39700,41000,180033,-0.014423076923076872
2015-08-11,41300,42400,39950,39950,154487,-0.025609756097561
2015-08-12,39500,39550,36200,38200,303564,-0.04380475594493116
2015-08-13,38200,39550,37500,39350,119374,0.030104712041884918
2015-08-17,39750,39750,38500,38500,83171,-0.021601016518424387
2015-08-18,39950,41900,38700,39300,377845,0.020779220779220786
2015-08-19,38500,39300,36350,37350,259497,-0.04961832061068705
2015-08-20,37000,38750,36350,36750,198963,-0.016064257028112428
2015-08-21,34850,35300,32100,33200,351184,-0.09659863945578229
2015-08-24,32500,33700,29850,30000,454483,-0.09638554216867468
2015-08-25,30750,32550,29800,31600,337718,0.05333333333333323
2015-08-26,31150,33350,31150,33300,228508,0.053797468354430444
2015-08-27,33950,34450,33050,33300,152839,0.0
2015-08-28,34000,34550,33500,34000,121492,0.021021021021021102
2015-08-31,34100,34300,32900,33300,113808,-0.020588235294117685
2015-09-01,33150,33900,32850,32850,70134,-0.013513513513513487
2015-09-02,32000,32850,31500,32850,108744,0.0
2015-09-03,33550,33800,32700,32800,64646,-0.0015220700152207556
2015-09-04,32800,33300,30750,31600,119268,-0.03658536585365857
2015-09-07,31550,32700,30450,31400,81375,-0.006329113924050667
2015-09-08,31400,31750,30400,31300,92073,-0.0031847133757961776
2015-09-09,32200,32850,31700,32850,91165,0.04952076677316297
2015-09-10,32500,33250,32300,33100,63979,0.007610350076103556
2015-09-11,33150,33300,32400,32750,65983,-0.010574018126888185
2015-09-14,33200,33200,31800,32550,55375,-0.006106870229007688
2015-09-15,32350,33050,32350,32950,47278,0.01228878648233489
2015-09-16,33300,34000,32950,33900,94049,0.028831562974203306
2015-09-17,34350,34350,33450,34100,81785,0.005899705014749346
2015-09-18,34300,35500,34250,35500,145179,0.04105571847507328
2015-09-21,34900,35400,34450,35400,67635,-0.0028169014084507005
2015-09-22,35200,35550,34800,35500,74437,0.0028248587570620654
2015-09-23,35000,35200,34200,34950,120867,-0.015492957746478853
2015-09-24,35000,35800,34600,35350,94817,0.011444921316166035
2015-09-25,35350,35650,34300,34600,99730,-0.021216407355021172
2015-09-30,33700,34300,32750,34300,85118,-0.00867052023121384
2015-10-01,34950,34950,34050,34300,51795,0.0
2015-10-02,34400,34800,34100,34300,67865,0.0
2015-10-05,34700,35300,34250,34350,88807,0.001457725947521915
2015-10-06,34600,35150,34350,34700,85221,0.010189228529839944
2015-10-07,34350,34800,34050,34050,75715,-0.018731988472622474
2015-10-08,34600,34800,34150,34500,65996,0.013215859030837107
2015-10-12,34700,35200,34350,34900,62737,0.011594202898550732
2015-10-13,35000,36650,34900,36450,232908,0.044412607449856756
2015-10-14,36600,37100,35900,36650,144079,0.005486968449931462
2015-10-15,36700,37450,36600,37200,109702,0.01500682128240105
2015-10-16,37600,37800,36850,37800,90890,0.016129032258064502
2015-10-19,37800,38050,37200,37850,64318,0.001322751322751392
2015-10-20,38000,39200,37500,38700,180313,0.022457067371202122
2015-10-21,38750,39000,38050,38400,101577,-0.007751937984496138
2015-10-22,37950,38650,37150,37850,118050,-0.01432291666666663
2015-10-23,38500,38700,37650,37950,96543,0.0026420079260238705
2015-10-26,38600,39500,37950,39400,141781,0.03820816864295118
2015-10-27,39400,39500,38150,39400,75265,0.0
2015-10-28,39400,39850,39000,39400,85849,0.0
2015-10-29,39300,39300,38450,39000,86084,-0.010152284263959421
2015-10-30,38900,38900,37600,38100,75504,-0.023076923076923106
2015-11-02,37900,38450,37450,38100,60324,0.0
2015-11-03,38100,38400,37350,37800,57235,-0.007874015748031482
2015-11-04,38000,38600,37500,38200,70821,0.010582010582010692
2015-11-05,38200,39700,38200,39250,102727,0.027486910994764413
2015-11-06,40000,40900,38750,40800,234621,0.0394904458598726
2015-11-09,40750,40900,38350,38350,201803,-0.060049019607843146
2015-11-10,38350,38350,36000,36900,168997,-0.03780964797913955
2015-11-11,36750,38550,36700,38350,75163,0.039295392953929476
2015-11-12,38400,40600,38350,39400,136926,0.027379400260756137
2015-11-13,39200,39200,38050,39000,80622,-0.010152284263959421
2015-11-16,38050,39000,37900,38300,65592,-0.017948717948717996
2015-11-17,39000,39700,38650,39450,89378,0.030026109660574507
2015-11-18,39450,40000,38400,38500,90829,-0.02408111533586821
2015-11-19,39200,39950,38750,39850,110912,0.03506493506493502
2015-11-20,39750,40100,39150,39400,139642,-0.01129234629861986
2015-11-23,39850,41500,38650,38800,327544,-0.015228426395939132
2015-11-24,38900,39350,38200,38500,129848,-0.0077319587628865705
2015-11-25,38800,39200,38050,38050,92177,-0.011688311688311637
2015-11-26,38150,38450,37350,38200,93275,0.003942181340341744
2015-11-27,38050,38550,37150,37250,102960,-0.02486910994764402
2015-11-30,36800,37900,36750,37900,82048,0.01744966442953011
2015-12-01,37900,38000,37450,37550,45530,-0.00923482849604218
2015-12-02,37900,38600,37450,38250,88816,0.018641810918774926
2015-12-03,38250,38250,37400,37700,48705,-0.01437908496732021
2015-12-04,37250,37600,37000,37100,41944,-0.01591511936339518
2015-12-07,37550,37550,36600,36900,40876,-0.005390835579514808
2015-12-08,36900,37050,35700,36000,76713,-0.024390243902439046
2015-12-09,36000,36350,35500,35700,58761,-0.008333333333333304
2015-12-10,35950,36050,34650,35250,84056,-0.012605042016806678
2015-12-11,35500,35550,34100,34300,66705,-0.026950354609929117
2015-12-14,33800,34150,33000,33000,109318,-0.03790087463556846
2015-12-15,33450,34400,33100,33850,78140,0.025757575757575868
2015-12-16,34400,34750,34300,34500,51429,0.019202363367799125
2015-12-17,34800,35150,34400,34550,59721,0.0014492753623187582
2015-12-18,34400,35250,33800,34850,65151,0.00868306801736618
2015-12-21,34500,35300,34450,34750,78903,-0.0028694404591105283
2015-12-22,34850,35000,34000,34000,68649,-0.021582733812949617
2015-12-23,34150,34350,33500,33500,101475,-0.014705882352941124
2015-12-24,33600,34300,33600,34300,142754,0.023880597014925398
2015-12-28,34500,34500,33200,33400,114898,-0.026239067055393583
2015-12-29,33900,35250,33700,35100,114309,0.05089820359281427
2015-12-30,35500,35500,34600,34700,106804,-0.01139601139601143
2016-01-04,35000,35900,34950,35100,95812,0.011527377521613813
2016-01-05,34750,36600,34750,36550,110036,0.04131054131054124
2016-01-06,36950,37150,36000,36600,179552,0.001367989056087593
2016-01-07,36300,37000,35900,36250,103987,-0.0095628415300546
2016-01-08,35800,36600,35100,36300,97435,0.0013793103448276334
2016-01-11,36300,38800,36300,38200,356530,0.052341597796143224
2016-01-12,37900,38500,37500,38100,128395,-0.002617801047120394
2016-01-13,38350,38350,37850,38000,104872,-0.002624671916010457
2016-01-14,37100,38300,37050,38200,124338,0.0052631578947368585
2016-01-15,38400,39050,37350,37700,148449,-0.01308900523560208
2016-01-18,37000,38050,37000,37550,64557,-0.003978779840848823
2016-01-19,37850,38350,37500,37800,99489,0.0066577896138482195
2016-01-20,38000,39300,36950,37700,238902,-0.002645502645502673
2016-01-21,38200,38550,37300,37650,121170,-0.0013262599469495706
2016-01-22,37900,38000,36500,37100,125646,-0.014608233731739695
2016-01-25,37500,38350,37250,38100,95054,0.02695417789757415
2016-01-26,37950,37950,37250,37500,60120,-0.015748031496062964
2016-01-27,37800,38650,37400,38150,136855,0.017333333333333423
2016-01-28,37800,38200,37550,37800,75876,-0.00917431192660545
2016-01-29,37800,37900,36000,36900,175313,-0.023809523809523836
2016-02-01,37200,37350,36650,36900,72664,0.0
2016-02-02,37300,38700,37250,37750,207239,0.023035230352303593
2016-02-03,37500,38800,37100,38800,140452,0.027814569536423805
2016-02-04,38950,39000,38200,38350,126063,-0.011597938144329856
2016-02-05,38350,38650,37550,38100,76202,-0.006518904823989535
2016-02-11,36950,37250,35100,35500,278706,-0.06824146981627299
2016-02-12,34950,35200,33150,34500,296837,-0.028169014084507005
2016-02-15,35450,35500,33700,34600,111496,0.0028985507246377384
2016-02-16,34800,35400,34800,35000,81687,0.011560693641618602
2016-02-17,35050,35300,34000,34200,95418,-0.02285714285714291
2016-02-18,34900,35750,34700,35600,107274,0.040935672514619936
2016-02-19,35500,35500,34900,35450,54428,-0.004213483146067398
2016-02-22,35450,36350,35300,35500,83324,0.0014104372355430161
2016-02-23,36050,36100,34700,34750,68005,-0.021126760563380254
2016-02-24,34700,35200,34250,34300,65273,-0.012949640287769792
2016-02-25,34500,34800,33950,34200,71982,-0.002915451895043719
2016-02-26,34750,34750,34100,34200,44319,0.0
2016-02-29,34400,34650,33800,34200,34204,0.0
2016-03-02,34600,35300,34400,35250,55884,0.030701754385964897
2016-03-03,35250,35450,34900,35400,48511,0.004255319148936065
2016-03-04,35150,35600,35150,35400,45082,0.0
2016-03-07,35450,35500,34850,35250,52476,-0.004237288135593209
2016-03-08,34900,35250,34500,34750,52622,-0.014184397163120588
2016-03-09,34750,35700,34700,35500,61576,0.021582733812949728
2016-03-10,35550,35800,35250,35750,56040,0.007042253521126751
2016-03-11,35750,35950,35250,35250,38323,-0.013986013986013957
2016-03-14,35450,36900,35400,36700,127731,0.041134751773049594
2016-03-15,36850,36950,35550,35700,84923,-0.027247956403269713
2016-03-16,35700,35950,35150,35600,57678,-0.0028011204481792618
2016-03-17,35600,35900,35250,35250,58862,-0.0098314606741573
2016-03-18,35250,35900,35250,35600,51378,0.0099290780141843
2016-03-21,35900,35900,34900,35100,50827,-0.014044943820224698
2016-03-22,35450,35800,35100,35400,53083,0.008547008547008517
2016-03-23,35350,35500,34400,34500,85749,-0.025423728813559365
2016-03-24,34500,34800,34200,34700,59931,0.005797101449275255
2016-03-25,34750,34750,34050,34200,54989,-0.014409221902017322
2016-03-28,34100,34400,33900,33950,40352,-0.007309941520467822
2016-03-29,33750,34800,33750,34750,51262,0.02356406480117812
2016-03-30,35050,35050,34400,34950,43094,0.0057553956834532904
2016-03-31,35050,35050,34300,34550,32886,-0.011444921316165924
2016-04-01,34800,36250,34600,35950,148362,0.04052098408104188
2016-04-04,36200,36500,35900,36250,86700,0.008344923504867818
2016-04-05,36200,36350,35500,36200,66127,-0.0013793103448276334
2016-04-06,36250,36850,35850,36100,85023,-0.002762430939226568
2016-04-07,36600,36600,35600,35600,52919,-0.013850415512465353
2016-04-08,35600,36900,35350,36900,149357,0.03651685393258419
2016-04-11,37250,37900,36400,36800,182054,-0.0027100271002710175
2016-04-12,36500,37200,36150,36900,67241,0.0027173913043478937
2016-04-14,37350,37600,35900,36050,89426,-0.023035230352303482
2016-04-15,36000,36350,35700,35900,47123,-0.004160887656033285
2016-04-18,35900,36350,35450,36150,49273,0.0069637883008355494
2016-04-19,36350,36550,36000,36200,45133,0.0013831258644536604
2016-04-20,36050,36650,35250,35900,80771,-0.008287292817679592
2016-04-21,35800,35800,35000,35100,90653,-0.02228412256267409
2016-04-22,35200,35750,35000,35300,80280,0.005698005698005604
2016-04-25,35300,35350,34900,34950,40014,-0.009915014164305958
2016-04-26,34950,35550,34950,35400,44936,0.012875536480686733
2016-04-27,35300,35400,34850,34850,41543,-0.015536723163841804
2016-04-28,35250,35250,34500,34950,53066,0.0028694404591105283
2016-04-29,34850,35100,34750,35100,33490,0.0042918454935623185
2016-05-02,34900,35300,34700,34800,41502,-0.008547008547008517
2016-05-03,34800,35450,34700,35250,35366,0.012931034482758674
2016-05-04,35200,35250,34750,35050,38651,-0.005673758865248235
2016-05-09,35750,36100,35350,35900,93989,0.024251069900142586
2016-05-10,36050,36600,35750,36300,74729,0.011142061281337101
2016-05-11,36300,36500,35450,35800,53301,-0.01377410468319562
2016-05-12,35800,36850,35800,36100,88270,0.008379888268156499
2016-05-13,36450,37200,36100,37100,143241,0.027700831024930705
2016-05-16,37100,37500,36350,37050,96401,-0.0013477088948786742
2016-05-17,37050,37250,36000,36300,93896,-0.020242914979757054
2016-05-18,36200,36650,35700,35800,53391,-0.01377410468319562
2016-05-19,35700,36400,35400,35500,60429,-0.008379888268156388
2016-05-20,35500,36450,35500,36350,49078,0.023943661971830954
2016-05-23,36650,38100,36650,37250,238236,0.024759284731774356
2016-05-24,37050,37600,36950,37150,83747,-0.0026845637583892135
2016-05-25,37900,40450,37450,39100,705705,0.05248990578734869
2016-05-26,39050,39350,38250,39000,177777,-0.002557544757033292
2016-05-27,38950,39300,38300,39050,137665,0.0012820512820512775
2016-05-30,39150,39150,38300,38750,97606,-0.007682458386683688
2016-05-31,38900,40000,38750,39250,225579,0.012903225806451646
2016-06-01,39500,39750,39000,39350,120876,0.002547770700636942
2016-06-02,39350,40650,39100,40250,189012,0.02287166454891998
2016-06-03,40500,41150,39900,40400,130224,0.003726708074534235
2016-06-07,40350,40550,38850,39550,186903,-0.02103960396039606
2016-06-08,39450,40050,38700,39950,149562,0.010113780025284402
2016-06-09,40700,41700,38900,40500,345712,0.013767209011264159
2016-06-10,40500,41050,39600,41050,135236,0.013580246913580174
2016-06-13,40500,40600,39750,39850,115684,-0.02923264311814855
2016-06-14,39350,39900,38900,39550,101461,-0.007528230865746499
2016-06-15,39500,39850,39050,39700,56511,0.0037926675094817064
2016-06-16,39950,39950,38000,38000,147685,-0.04282115869017633
2016-06-17,38600,38950,37600,38300,103665,0.007894736842105177
2016-06-20,38550,39150,38100,38850,63485,0.01436031331592691
2016-06-21,39000,39000,38450,38650,46866,-0.005148005148005175
2016-06-22,38600,39450,38450,38700,72592,0.001293661060802087
2016-06-23,38700,38800,37250,37650,102699,-0.027131782945736482
2016-06-24,38300,38350,35000,35550,215500,-0.055776892430278835
2016-06-27,34550,35900,34550,35900,151543,0.009845288326300938
2016-06-28,35600,40150,35450,38950,523342,0.08495821727019504
2016-06-29,39550,39550,38800,39150,144339,0.005134788189987249
2016-06-30,39400,40700,39100,39100,220084,-0.0012771392081737387
2016-07-01,39300,41300,39150,40150,361231,0.026854219948849067
2016-07-04,40850,42200,40650,41000,245267,0.021170610211706187
2016-07-05,41000,41400,39900,40850,187561,-0.003658536585365857
2016-07-06,40350,40800,39500,39850,135151,-0.0244798041615667
2016-07-07,40200,40750,40100,40650,98726,0.020075282308657405
2016-07-08,40850,40900,39300,40000,120220,-0.01599015990159902
2016-07-11,40000,40650,39550,40650,94857,0.016250000000000098
2016-07-12,40850,41050,39700,39700,108669,-0.02337023370233704
2016-07-13,40400,40450,39500,39550,59743,-0.0037783375314861534
2016-07-14,39550,39850,39100,39300,72343,-0.006321112515802807
2016-07-15,39350,39700,38550,38900,169242,-0.010178117048346036
2016-07-18,38900,39300,38650,38950,52933,0.0012853470437017567
2016-07-19,39150,39750,39150,39250,62609,0.007702182284980763
2016-07-20,39250,39450,38700,38850,47493,-0.010191082802547768
2016-07-21,38800,39100,38500,38550,58100,-0.007722007722007707
2016-07-22,38250,38750,38000,38200,54847,-0.009079118028534339
2016-07-25,38200,38300,37300,37350,82971,-0.022251308900523514
2016-07-26,37350,38300,37200,38300,55046,0.025435073627844806
2016-07-27,38350,38400,37350,37350,63857,-0.024804177545691863
2016-07-28,37350,38000,37200,37700,42838,0.009370816599732157
2016-07-29,37950,38200,37300,38000,61016,0.007957559681697646
2016-08-01,38000,38250,36750,37400,113867,-0.015789473684210575
2016-08-02,37300,37600,36700,36800,66475,-0.016042780748663055
2016-08-03,36900,36900,36050,36850,70215,0.0013586956521738358
2016-08-04,36900,36950,36550,36850,47665,0.0
2016-08-05,36650,36950,36100,36500,47313,-0.009497964721845276
2016-08-08,36300,36900,36200,36400,53147,-0.002739726027397249
2016-08-09,36700,37400,36400,37150,69648,0.02060439560439553
2016-08-10,37250,37550,36800,37500,61169,0.009421265141319024
2016-08-11,37650,37750,36950,37150,46969,-0.009333333333333305
2016-08-12,37450,37650,36300,36950,98595,-0.0053835800807536804
2016-08-16,37000,37550,36400,36850,48513,-0.0027063599458727605
2016-08-17,36600,36800,35900,36450,82012,-0.01085481682496603
2016-08-18,36350,36550,36050,36450,31986,0.0
2016-08-19,36200,36500,36000,36150,33700,-0.008230452674897082
2016-08-22,36150,36200,34950,35350,104990,-0.022130013831258677
2016-08-23,35400,35950,35350,35700,50491,0.00990099009900991
2016-08-24,35800,35900,35100,35150,42333,-0.01540616246498594
2016-08-25,35100,35500,35000,35150,34213,0.0
2016-08-26,35150,35700,34800,35350,27579,0.005689900426742556
2016-08-29,35050,35150,33850,34100,107144,-0.03536067892503536
2016-08-30,34200,34600,34100,34250,50356,0.004398826979472137
2016-08-31,34300,34450,33050,33950,65480,-0.008759124087591275
2016-09-01,33650,34850,33650,34800,41985,0.025036818851251752
2016-09-02,34700,35100,34450,34800,33140,0.0
2016-09-05,35000,35150,34750,34750,22930,-0.001436781609195359
2016-09-06,35100,35100,34400,34600,28220,-0.004316546762589968
2016-09-07,34550,34900,34000,34100,37125,-0.014450867052023142
2016-09-08,34150,34800,33400,33600,128597,-0.014662756598240456
2016-09-09,33550,34000,33100,33600,38189,0.0
2016-09-12,33100,33500,32250,32400,73421,-0.0357142857142857
2016-09-13,32700,33200,32600,32750,36171,0.010802469135802406
2016-09-19,32500,33200,32400,33200,36388,0.013740458015267132
2016-09-20,33000,34050,33000,33600,29439,0.012048192771084265
2016-09-21,33650,34200,33500,34200,30630,0.017857142857142794
2016-09-22,34300,34400,34050,34100,22271,-0.0029239766081871066
2016-09-23,34250,34450,34050,34450,19997,0.01026392961876832
2016-09-26,34450,34750,34150,34400,20277,-0.0014513788098693414
2016-09-27,34300,34350,33550,34250,49326,-0.0043604651162790775
2016-09-28,34150,34300,33950,34000,23034,-0.007299270072992692
2016-09-29,34800,35450,34800,34950,90243,0.027941176470588136
2016-09-30,35000,35200,34000,34000,52762,-0.027181688125894166
2016-10-04,34000,35050,34000,34600,45345,0.01764705882352935
2016-10-05,34600,35650,34600,35650,92747,0.030346820809248554
2016-10-06,37400,37800,35650,35700,399699,0.0014025245441795509
2016-10-07,36400,36500,35050,35250,111642,-0.012605042016806678
2016-10-10,35350,36350,35250,35850,102795,0.017021276595744705
2016-10-11,35850,36450,35450,36050,51965,0.00557880055788007
2016-10-12,35950,37500,35450,36800,186117,0.020804438280166426
2016-10-13,36600,36650,35800,35850,62571,-0.025815217391304324
2016-10-14,35750,36250,35600,35850,24515,0.0
2016-10-17,35850,36500,35600,35800,37509,-0.001394700139469962
2016-10-18,35650,35650,34400,34600,78139,-0.03351955307262566
2016-10-19,34850,35100,34600,34700,24096,0.0028901734104045396
2016-10-20,34750,35100,34450,34500,46716,-0.0057636887608069065
2016-10-21,34500,34700,33900,34450,40544,-0.0014492753623188692
2016-10-24,34550,35250,34550,35000,41067,0.0159651669085632
2016-10-25,35100,36600,35100,35600,248395,0.017142857142857126
2016-10-26,35900,36100,33500,34250,125714,-0.037921348314606695
2016-10-27,34100,35150,34000,35150,52682,0.026277372262773824
2016-10-28,35350,35400,33900,34300,77015,-0.024182076813655806
2016-10-31,34100,34100,33100,33300,75553,-0.029154518950437303
2016-11-01,32950,33850,32950,33250,49431,-0.0015015015015015232
2016-11-02,33050,33250,31900,31900,78919,-0.04060150375939853
2016-11-03,31400,32800,31400,31900,67956,0.0
2016-11-04,32000,32400,31800,32400,33365,0.01567398119122254
2016-11-07,32800,32900,32400,32750,41257,0.010802469135802406
2016-11-08,32850,33400,32700,33100,40977,0.010687022900763399
2016-11-09,33000,33350,31000,32900,112738,-0.0060422960725075026
2016-11-10,33400,33900,33100,33900,66802,0.03039513677811545
2016-11-11,33900,34000,32950,33450,48850,-0.013274336283185861
2016-11-14,33400,33650,33100,33450,27234,0.0
2016-11-15,31900,32750,31400,32550,88526,-0.026905829596412523
2016-11-16,32900,33200,32800,33100,25648,0.016897081413210335
2016-11-17,33150,33200,32700,33200,21352,0.0030211480362538623
2016-11-18,33000,33200,32550,32850,24004,-0.010542168674698815
2016-11-21,32500,32850,31800,32100,42298,-0.022831050228310557
2016-11-22,32150,32400,31700,31800,25220,-0.009345794392523366
2016-11-23,31750,32000,31050,31150,56031,-0.020440251572327095
2016-11-24,30950,31300,30150,30900,53031,-0.008025682182985605
2016-11-25,31050,32200,31000,31650,45018,0.024271844660194164
2016-11-28,31950,32000,31050,31150,21148,-0.01579778830963663
2016-11-29,30900,31600,30900,31400,27849,0.008025682182985605
2016-11-30,31400,31900,31350,31900,19993,0.015923566878981
2016-12-01,31900,31950,31450,31550,15536,-0.010971786833855801
2016-12-02,31400,31450,30500,30950,49320,-0.019017432646592725
2016-12-05,30750,30950,30000,30650,34532,-0.009693053311793265
2016-12-06,30700,31150,30650,30700,18152,0.0016313213703098572
2016-12-07,30700,31000,30400,30800,24849,0.0032573289902280145
2016-12-08,30850,31700,30850,31450,33957,0.02110389610389607
2016-12-09,31450,31800,31100,31800,31002,0.0111287758346581
2016-12-12,31950,32200,31750,32050,24548,0.007861635220125729
2016-12-13,32050,32300,31900,32300,34851,0.007800312012480548
2016-12-14,32350,32500,32050,32400,29240,0.003095975232198178
2016-12-15,32400,32500,32100,32350,32377,-0.0015432098765432167
2016-12-16,32400,32400,31850,32200,37070,-0.004636785162287493
2016-12-19,32250,33000,32100,32950,44138,0.02329192546583858
2016-12-20,32950,33100,32300,32700,30090,-0.007587253414264028
2016-12-21,32700,32700,31900,32250,33703,-0.013761467889908285
2016-12-22,32000,32250,31500,31550,30880,-0.02170542635658912
2016-12-23,32000,32250,31700,32050,39014,0.015847860538827252
2016-12-26,32250,32250,31500,31750,38897,-0.009360374414976613
2016-12-27,31800,32100,31700,32000,40749,0.007874015748031482
2016-12-28,32200,32400,31800,32300,33461,0.009374999999999911
2016-12-29,32250,33000,32250,32900,52143,0.018575851393188847
2017-01-02,33100,33150,32600,32850,24403,-0.001519756838905817
2017-01-03,32600,32850,32150,32550,47413,-0.0091324200913242
2017-01-04,32750,32900,32200,32800,51387,0.007680491551459223
2017-01-05,32950,33800,32700,33500,86091,0.021341463414634054
2017-01-06,33750,33750,32850,32850,52403,-0.0194029850746269
2017-01-09,33050,33200,32250,32550,58657,-0.0091324200913242
2017-01-10,32400,32550,31650,31700,72173,-0.02611367127496156
2017-01-11,31850,31850,31150,31450,67226,-0.007886435331230235
2017-01-12,31400,31600,30750,30900,65829,-0.01748807631160576
2017-01-13,30950,31250,30900,31150,28409,0.008090614886731462
2017-01-16,31350,31900,31000,31150,59043,0.0
2017-01-17,30900,31150,30750,31000,41934,-0.0048154093097912964
2017-01-18,31000,31200,30600,30800,35247,-0.006451612903225823
2017-01-19,30700,31400,30700,30900,32807,0.0032467532467532756
2017-01-20,30900,30950,30500,30550,30393,-0.01132686084142398
2017-01-23,30700,30800,30100,30200,48226,-0.011456628477905073
2017-01-24,30400,30400,29100,29650,116268,-0.018211920529801362
2017-01-25,29750,30000,29050,29200,39513,-0.015177065767284947
2017-01-26,29200,29850,28900,29850,31360,0.022260273972602773
2017-01-31,29600,30150,29550,30150,25169,0.01005025125628145
2017-02-01,30000,30850,30000,30850,41166,0.023217247097844007
2017-02-02,31000,31050,30450,30800,33055,-0.0016207455429497752
2017-02-03,30500,30800,30100,30350,33174,-0.01461038961038963
2017-02-06,30300,30650,29700,30000,25284,-0.011532125205930832
2017-02-07,30150,30500,30050,30400,24167,0.01333333333333342
2017-02-08,30250,30400,30000,30300,16269,-0.003289473684210509
2017-02-09,30200,30400,30000,30300,21953,0.0
2017-02-10,30500,30500,29950,30200,23264,-0.0033003300330033403
2017-02-13,30250,30550,29950,30550,22898,0.011589403973509826
2017-02-14,30500,30850,30150,30800,52551,0.008183306055646433
2017-02-15,30550,30800,30350,30500,62312,-0.009740259740259716
2017-02-16,30500,30500,29900,29950,53123,-0.0180327868852459
2017-02-17,29950,30050,29800,30000,44096,0.0016694490818029983
2017-02-20,30050,30050,29400,29500,60707,-0.01666666666666672
2017-02-21,29550,29700,29150,29350,72569,-0.005084745762711895
2017-02-22,29450,29450,29100,29250,50733,-0.0034071550255536653
2017-02-23,29350,29450,29000,29000,58828,-0.008547008547008517
2017-02-24,29100,29200,28600,28700,62182,-0.010344827586206917
2017-02-27,28750,29300,28650,29150,48601,0.015679442508710784
2017-02-28,29350,29350,28800,28800,34177,-0.012006861063464824
2017-03-02,28800,29050,28300,28600,67271,-0.00694444444444442
2017-03-03,28600,28650,27950,28050,58317,-0.019230769230769273
2017-03-06,28050,28550,27900,28400,50810,0.012477718360071277
2017-03-07,28450,29150,28400,29050,63086,0.022887323943661997
2017-03-08,29100,29150,28450,28850,59378,-0.0068846815834767705
2017-03-09,28800,29050,28650,28850,54841,0.0
2017-03-10,28850,29050,28250,29000,69236,0.005199306759098743
2017-03-13,29000,29050,28700,29000,64948,0.0
2017-03-14,29050,29050,28650,28950,55407,-0.0017241379310344307
2017-03-15,28900,28900,28450,28650,56878,-0.010362694300518172
2017-03-16,28850,29150,28650,29150,67479,0.017452006980802848
2017-03-17,29050,29150,27300,28900,59030,-0.00857632933104635
2017-03-20,28900,28900,28250,28500,42120,-0.01384083044982698
2017-03-21,28550,28900,28200,28300,51564,-0.007017543859649145
2017-03-22,28300,28650,28100,28400,32189,0.0035335689045936647
2017-03-23,28400,28550,27600,27800,69376,-0.021126760563380254
2017-03-24,27800,27900,27550,27700,30446,-0.003597122302158251
2017-03-27,27700,28250,27500,27900,40739,0.0072202166064982976
2017-03-28,27900,28300,27550,27900,38403,0.0
2017-03-29,28000,28000,27650,27650,42959,-0.008960573476702538
2017-03-30,27700,28950,27650,28850,131376,0.0433996383363473
2017-03-31,29000,29450,28800,29050,72901,0.006932409012131657
2017-04-03,29150,29800,29100,29750,88320,0.024096385542168752
2017-04-04,29700,29900,29350,29800,62966,0.001680672268907557
2017-04-05,29850,29850,29300,29800,38075,0.0
2017-04-06,29650,29650,29150,29550,37513,-0.008389261744966459
2017-04-07,29600,29600,29050,29400,31610,-0.005076142131979711
2017-04-10,29400,29400,28600,28600,47774,-0.027210884353741527
2017-04-11,28550,29300,28550,29000,82875,0.013986013986013957
2017-04-12,29050,29100,28700,28950,27982,-0.0017241379310344307
2017-04-13,29050,29100,28850,28950,25019,0.0
2017-04-14,28900,29100,28500,28600,35025,-0.012089810017271163
2017-04-17,28750,29100,28550,29050,30483,0.01573426573426584
2017-04-18,29000,29500,28750,29200,49687,0.005163511187607606
2017-04-19,29200,29200,28900,29100,17800,-0.003424657534246589
2017-04-20,29100,29250,28950,29000,35864,-0.0034364261168384758
2017-04-21,29200,30500,29100,30500,232926,0.051724137931034475
2017-04-24,30600,30600,29550,29600,104069,-0.02950819672131144
2017-04-25,29850,30100,29400,29700,62148,0.0033783783783782884
2017-04-26,30000,30350,29700,30250,63071,0.0185185185185186
2017-04-27,30300,30350,29600,29800,44471,-0.014876033057851235
2017-04-28,29500,30100,29500,29600,33036,-0.006711409395973145
2017-05-02,29700,30000,29350,29350,52347,-0.008445945945945943
2017-05-04,29350,30000,29350,29800,34615,0.015332197614991383
2017-05-08,29900,30850,29800,30750,101944,0.03187919463087252
2017-05-10,30800,30950,30200,30350,53209,-0.013008130081300862
2017-05-11,30200,30600,29950,30100,64200,-0.008237232289950547
2017-05-12,30100,30300,29700,30000,43810,-0.0033222591362126463
2017-05-15,30000,30250,28850,29150,75070,-0.02833333333333332
2017-05-16,29000,29100,28250,28450,107418,-0.02401372212692965
2017-05-17,28550,28800,28400,28700,38052,0.008787346221441172
2017-05-18,28000,28500,27950,28250,57039,-0.015679442508710784
2017-05-19,28300,28350,28100,28250,36305,0.0
2017-05-22,28150,28300,27650,28000,58768,-0.008849557522123908
2017-05-23,28000,28150,27800,28000,40644,0.0
2017-05-24,28000,28700,27950,28500,45260,0.017857142857142794
2017-05-25,28400,28550,28000,28100,46002,-0.01403508771929829
2017-05-26,28150,28650,28100,28450,29185,0.01245551601423478
2017-05-29,28650,28750,28350,28450,23815,0.0
2017-05-30,28500,28550,28150,28400,24723,-0.0017574692442882123
2017-05-31,28500,29350,28200,29350,80528,0.03345070422535201
2017-06-01,29300,29300,28850,28900,26128,-0.015332197614991494
2017-06-02,28900,29100,28500,28950,35977,0.0017301038062282892
2017-06-05,28900,29350,28650,29300,49953,0.012089810017271052
2017-06-07,29350,29400,28800,29000,43378,-0.010238907849829393
2017-06-08,29000,30300,28850,29950,168241,0.03275862068965507
2017-06-09,30200,30600,29700,30250,103910,0.01001669449081799
2017-06-12,30250,30350,29500,29800,57195,-0.014876033057851235
2017-06-13,29450,30000,29300,30000,57845,0.006711409395973256
2017-06-14,30200,30400,29350,29700,60788,-0.010000000000000009
2017-06-15,29700,29700,29150,29200,49231,-0.01683501683501687
2017-06-16,29300,29350,28450,28700,79316,-0.017123287671232834
2017-06-19,28900,29050,28500,29050,53361,0.012195121951219523
2017-06-20,29150,29900,29100,29800,119049,0.025817555938037806
2017-06-21,29800,29900,29150,29600,47612,-0.006711409395973145
2017-06-22,29450,29450,28700,28800,67602,-0.027027027027026973
2017-06-23,29000,29100,28750,28950,25938,0.005208333333333259
2017-06-26,28950,29000,28400,28450,51283,-0.01727115716753025
2017-06-27,28450,28850,28300,28550,38278,0.0035149384885764245
2017-06-28,28550,28550,28000,28000,60907,-0.019264448336252182
2017-06-29,28200,28300,28000,28050,33554,0.0017857142857142794
2017-06-30,27950,28400,27950,28200,35685,0.005347593582887722
2017-07-03,28150,28500,27950,28050,31564,-0.005319148936170248
2017-07-04,28000,28400,28000,28200,34453,0.005347593582887722
2017-07-05,28400,28400,27900,28050,36360,-0.005319148936170248
2017-07-06,28050,28150,27300,27350,80979,-0.024955436720142554
2017-07-07,27500,27500,26300,26550,112025,-0.029250457038391242
2017-07-10,26600,26650,25600,25600,87619,-0.03578154425612057
2017-07-11,25650,25800,25200,25350,57240,-0.009765625
2017-07-12,25550,25900,25450,25650,27082,0.01183431952662728
2017-07-13,25750,25950,25050,25350,55779,-0.011695906432748537
2017-07-14,25450,25450,24550,24550,79575,-0.0315581854043393
2017-07-17,24400,24750,23350,23550,190432,-0.04073319755600813
2017-07-18,23450,23950,23400,23800,77736,0.010615711252653925
2017-07-19,24000,24050,23500,23800,67385,0.0
2017-07-20,23900,24650,23800,24550,72469,0.03151260504201692
2017-07-21,24800,24850,24150,24500,32371,-0.0020366598778004397
2017-07-24,24750,24750,24000,24700,31198,0.008163265306122547
2017-07-25,24650,24650,24200,24250,28175,-0.018218623481781382
2017-07-26,24400,24500,24200,24450,29655,0.008247422680412342
2017-07-27,24700,24750,24400,24500,20360,0.002044989775051187
2017-07-28,24550,24600,23600,23900,54186,-0.024489795918367308
2017-07-31,23700,23700,22850,23250,82695,-0.027196652719665315
2017-08-01,23250,24300,23250,24300,37213,0.04516129032258065
2017-08-02,24400,24400,24050,24200,20862,-0.004115226337448541
2017-08-03,24350,25150,24300,24900,116748,0.02892561983471076
2017-08-04,25000,25300,24550,24900,50903,0.0
2017-08-07,24750,25700,24700,25600,61053,0.028112449799196693
2017-08-08,25600,25750,25150,25750,38687,0.005859375
2017-08-09,25550,25700,24850,24900,41237,-0.03300970873786413
2017-08-10,25000,25050,24450,24850,37481,-0.002008032128514081
2017-08-11,24400,24700,24150,24350,31937,-0.02012072434607648
2017-08-14,24500,24650,24100,24600,15751,0.010266940451745477
2017-08-16,24600,25100,24350,25050,25363,0.018292682926829285
2017-08-17,24800,25500,24750,25400,28112,0.013972055888223478
2017-08-18,25050,25550,25000,25550,26511,0.0059055118110236116
2017-08-21,25500,25750,25100,25500,24728,-0.00195694716242667
2017-08-22,25500,25550,25150,25400,25898,-0.0039215686274509665
2017-08-23,25250,25250,25100,25100,17097,-0.011811023622047223
2017-08-24,25100,25500,24900,25400,24362,0.01195219123505975
2017-08-25,25450,25450,25000,25000,16213,-0.015748031496062964
2017-08-28,25300,25650,25100,25650,37967,0.026000000000000023
2017-08-29,25550,25550,25100,25300,22685,-0.013645224171540016
2017-08-30,25300,25950,25150,25650,42015,0.01383399209486158
2017-08-31,25900,25900,25300,25500,27261,-0.005847953216374324
2017-09-01,25500,26000,25350,26000,47151,0.019607843137254832
2017-09-04,25250,25700,24700,24900,59168,-0.04230769230769227
2017-09-05,25000,25000,23900,24150,76047,-0.030120481927710885
2017-09-06,24100,24250,23800,24000,26963,-0.006211180124223614
2017-09-07,24050,24250,23850,24000,34850,0.0
2017-09-08,24050,24250,23000,23350,75351,-0.027083333333333348
2017-09-11,23500,23800,22850,22850,63393,-0.021413276231263434
2017-09-12,23250,23600,23200,23350,35132,0.02188183807439814
2017-09-13,23500,24200,23400,23700,44609,0.01498929336188426
2017-09-14,23600,24000,23350,23700,28885,0.0
2017-09-15,23600,23750,23250,23750,39369,0.0021097046413502962
2017-09-18,23550,24000,23350,23750,38850,0.0
2017-09-19,23600,23900,23500,23650,33831,-0.004210526315789442
2017-09-20,23800,24850,23550,24650,103728,0.04228329809725162
2017-09-21,24650,24850,24150,24550,43313,-0.0040567951318458695
2017-09-22,24350,24350,22900,23300,90646,-0.050916496945010215
2017-09-25,23400,23400,22300,22300,70079,-0.0429184549356223
2017-09-26,22150,23100,22150,22550,24470,0.011210762331838486
2017-09-27,22600,23100,22600,23000,15957,0.019955654101995624
2017-09-28,23050,23700,22900,23200,37346,0.008695652173912993
2017-09-29,23350,24150,23300,23850,51140,0.028017241379310276
2017-10-10,23850,24050,23250,23600,39195,-0.010482180293501009
2017-10-11,23800,26150,23800,25950,249528,0.09957627118644075
2017-10-12,26000,26550,25550,25750,77305,-0.0077071290944122905
2017-10-13,25800,29000,25800,27200,502993,0.056310679611650594
2017-10-16,26850,27150,25950,26400,101315,-0.02941176470588236
2017-10-17,26700,26750,25550,25800,114100,-0.022727272727272707
2017-10-18,25950,26450,25200,26300,98486,0.019379844961240345
2017-10-19,26550,26550,25700,25900,45032,-0.01520912547528519
2017-10-20,25900,26150,25700,25950,35259,0.0019305019305020377
2017-10-23,26300,26450,25250,25400,51705,-0.021194605009633882
2017-10-24,25200,26050,25200,26050,45141,0.025590551181102317
2017-10-25,26150,27700,25900,27350,159741,0.0499040307101728
2017-10-26,27550,27600,27000,27400,61380,0.001828153564899404
2017-10-27,27400,28200,27150,27900,90845,0.018248175182481674
2017-10-30,27900,28150,27550,28050,64169,0.005376344086021501
2017-10-31,28300,28300,26900,27200,96597,-0.030303030303030276
2017-11-01,27250,28450,27050,28200,109407,0.03676470588235303
2017-11-02,28400,28400,27600,27700,68386,-0.01773049645390068
2017-11-03,28050,28400,27500,28000,56943,0.010830324909747224
2017-11-06,28000,28350,27350,27800,45628,-0.0071428571428571175
2017-11-07,27850,28800,27800,28650,105775,0.030575539568345356
2017-11-08,28750,29250,28300,29000,95036,0.01221640488656206
2017-11-09,29050,29150,28500,28800,62978,-0.006896551724137945
2017-11-10,28650,29200,28350,28950,53476,0.005208333333333259
2017-11-13,29100,29450,28400,29400,105226,0.015544041450777257
2017-11-14,29650,31250,29650,30300,305291,0.030612244897959107
2017-11-15,30700,30750,29350,29800,264688,-0.01650165016501648
2017-11-16,29900,30300,28800,29900,121726,0.003355704697986628
2017-11-17,29950,29950,28650,28850,127452,-0.03511705685618727
2017-11-20,28700,32000,28700,31800,536768,0.10225303292894283
2017-11-21,31700,31750,30400,30700,265878,-0.03459119496855345
2017-11-22,31000,31100,28850,28900,294898,-0.05863192182410426
2017-11-23,29050,29650,27950,29550,135009,0.02249134948096887
2017-11-24,29350,29500,28750,28900,93994,-0.021996615905245376
2017-11-27,29000,29900,28600,29250,121511,0.01211072664359869
2017-11-28,29500,30000,28200,28250,123277,-0.03418803418803418
2017-11-29,28300,29050,28300,28900,98697,0.023008849557522026
2017-11-30,29000,29350,27550,27550,274611,-0.04671280276816614
2017-12-01,28100,35800,28000,35800,2531196,0.29945553539019953
2017-12-04,36500,41850,34100,34100,4201341,-0.04748603351955305
2017-12-05,34300,36200,32850,33350,1133720,-0.021994134897360684
2017-12-06,33950,38550,33600,35000,2193169,0.0494752623688155
2017-12-07,35900,41200,35000,40400,2906485,0.15428571428571436
2017-12-08,39500,39600,33050,34350,1474592,-0.14975247524752477
2017-12-11,35050,36450,34150,35150,603211,0.02328966521106257
2017-12-12,35700,37650,35400,36400,657543,0.03556187766714092
2017-12-13,36350,37550,35100,35950,554703,-0.012362637362637319
2017-12-14,36250,36700,34100,34700,615248,-0.03477051460361613
2017-12-15,34700,34800,33350,34250,313491,-0.012968299711815567
2017-12-18,34500,34550,33150,33250,232505,-0.029197080291970767
2017-12-19,33350,34050,31650,33150,335285,-0.003007518796992459
2017-12-20,32600,33750,32600,32950,191709,-0.006033182503770718
2017-12-21,33250,34500,33000,33550,360761,0.018209408194233667
2017-12-22,33550,35800,33550,35700,440877,0.06408345752608047
2017-12-26,36000,36350,35050,35250,325336,-0.012605042016806678
2017-12-27,35850,37050,35150,36500,393771,0.03546099290780136
2017-12-28,36800,37350,36150,36300,277332,-0.005479452054794498
2018-01-02,36600,40550,35750,39150,1139657,0.07851239669421495
2018-01-03,38500,41450,37400,41000,1323129,0.04725415070242667
2018-01-04,40400,40700,37500,39000,521758,-0.04878048780487809
2018-01-05,38750,40950,38150,40300,786155,0.03333333333333344
2018-01-08,40100,40150,38350,38500,538660,-0.04466501240694787
2018-01-09,38500,38900,36650,36650,451343,-0.04805194805194801
2018-01-10,37200,37750,36350,37100,203418,0.012278308321964637
2018-01-11,37100,38800,37100,37600,244913,0.013477088948786964
2018-01-12,38100,39450,37000,37750,389836,0.003989361702127603
2018-01-15,38200,42950,38200,41200,1906012,0.09139072847682117
2018-01-16,40800,41700,39050,40100,569964,-0.02669902912621358
2018-01-17,39900,40750,38700,39200,416694,-0.02244389027431426
2018-01-18,39400,50000,38700,45650,4710471,0.1645408163265305
2018-01-19,46100,48400,42750,43800,1497237,-0.04052573932092007
2018-01-22,44000,46200,42500,44300,748247,0.011415525114155223
2018-01-23,43400,49950,43050,47050,2265615,0.06207674943566599
2018-01-24,47150,53300,46350,52200,1970584,0.1094580233793836
2018-01-25,51400,54500,50400,51400,1703413,-0.01532567049808431
2018-01-26,51400,53700,50800,52400,676496,0.01945525291828787
2018-01-29,53400,54900,51100,51200,1417385,-0.022900763358778664
2018-01-30,51700,52400,48400,49300,786032,-0.037109375
2018-01-31,48400,49000,46150,48100,660195,-0.024340770791075106
2018-02-01,48250,49850,47200,48500,509816,0.008316008316008316
2018-02-02,49100,49100,45400,46750,465187,-0.03608247422680411
2018-02-05,45000,46150,42550,42550,401035,-0.08983957219251337
2018-02-06,39700,43450,39050,43000,886753,0.010575793184488758
2018-02-07,44300,44500,39900,39900,491302,-0.0720930232558139
2018-02-08,40500,45000,40500,44800,880683,0.12280701754385959
2018-02-09,43000,47650,42700,45800,858487,0.022321428571428603
2018-02-12,46500,47200,44500,44800,396406,-0.02183406113537123
2018-02-13,46050,47350,44750,45050,422742,0.005580357142857206
2018-02-14,45700,45800,43650,45450,278568,0.008879023307436285
2018-02-19,45700,48150,45400,47900,388809,0.053905390539053855
2018-02-20,47900,48100,46550,47100,254270,-0.01670146137787054
2018-02-21,47050,49150,46800,48500,369214,0.02972399150743099
2018-02-22,48200,48200,46450,47400,277913,-0.02268041237113405
2018-02-23,48000,49100,47650,47850,425479,0.009493670886076
2018-02-26,48400,48400,47150,47400,264149,-0.009404388714733591
2018-02-27,48000,48050,45800,46000,252309,-0.029535864978902926
2018-02-28,45250,45800,43500,44150,255466,-0.04021739130434787
2018-03-02,43100,45750,43100,45150,182110,0.022650056625141524
2018-03-05,45000,46050,44600,44850,125642,-0.006644518272425293
2018-03-06,45200,47300,45200,46900,270093,0.04570791527313256
2018-03-07,46850,47800,45800,45900,188382,-0.021321961620469065
2018-03-08,46500,47400,46300,46900,192110,0.02178649237472774
2018-03-09,47100,47400,46550,47000,185725,0.002132196162046851
2018-03-12,47550,49800,47250,49700,533304,0.057446808510638325
2018-03-13,49600,50600,48450,50500,317016,0.016096579476861272
2018-03-14,50000,50700,49200,50500,245634,0.0
2018-03-15,50400,50900,49150,49750,287883,-0.014851485148514865
2018-03-16,49850,51800,48850,49300,548058,-0.009045226130653283
2018-03-19,48550,48800,46900,46950,321096,-0.047667342799188606
2018-03-20,46450,48700,46450,48700,186669,0.03727369542066028
2018-03-21,48650,49550,48100,48400,281905,-0.006160164271047264
2018-03-22,49350,49700,46450,46600,383090,-0.037190082644628086
2018-03-23,44100,45250,40000,40850,816201,-0.12339055793991416
2018-03-26,41600,43950,40650,43950,375239,0.07588739290085678
2018-03-27,44700,44750,43400,43900,184639,-0.0011376564277588708
2018-03-28,43000,46000,42600,45950,395512,0.046697038724373474
2018-03-29,47900,48600,46350,47800,432278,0.040261153427638696
2018-03-30,48200,48750,47250,47750,237591,-0.0010460251046024993
2018-04-02,47750,47750,45600,46400,236840,-0.028272251308900542
2018-04-03,46000,48100,45500,48100,235655,0.03663793103448265
2018-04-04,48600,49600,47050,48800,414594,0.01455301455301461
2018-04-05,49600,49600,47400,47950,226218,-0.01741803278688525
2018-04-06,47850,48550,46950,47900,180130,-0.0010427528675703845
2018-04-09,47750,49900,46950,49900,409258,0.04175365344467652
2018-04-10,49900,53400,48700,52000,1364312,0.04208416833667328
2018-04-11,52200,52900,50100,50100,537309,-0.03653846153846152
2018-04-12,50700,50900,46600,47050,574937,-0.060878243512974106
2018-04-13,47200,47600,45850,47000,244441,-0.0010626992561104665
2018-04-16,47300,48050,46600,47000,278137,0.0
2018-04-17,47000,47250,45200,45650,310488,-0.028723404255319163
2018-04-18,46050,46600,44600,44900,218444,-0.01642935377875132
2018-04-19,44850,44850,42750,43350,310599,-0.034521158129176
2018-04-20,43650,44250,42800,44100,181969,0.01730103806228378
2018-04-23,43950,44000,42200,42500,164567,-0.03628117913832196
2018-04-24,42300,43500,41800,42400,128453,-0.0023529411764705577
2018-04-25,42200,42950,40850,41650,186243,-0.017688679245283057
2018-04-26,42400,47500,42250,45000,699353,0.08043217286914772
2018-04-27,45050,45350,44000,45150,163028,0.0033333333333334103
2018-04-30,45000,45050,42450,44000,187148,-0.025470653377630104
2018-05-02,42550,44400,41950,42750,166274,-0.02840909090909094
2018-05-03,42900,43400,41850,41950,144158,-0.018713450292397682
2018-05-04,42050,42150,40000,40150,237408,-0.042908224076281254
2018-05-08,40000,40950,37050,37050,300684,-0.07721046077210458
2018-05-09,37500,39450,36850,39400,211294,0.06342780026990558
2018-05-10,39400,39400,38100,39000,104599,-0.010152284263959421
2018-05-11,39000,40350,38650,39200,134658,0.00512820512820511
2018-05-14,39200,39250,37450,38200,189481,-0.025510204081632626
2018-05-15,38550,39700,37800,39450,152696,0.0327225130890052
2018-05-16,39700,39800,38600,39400,115465,-0.0012674271229404788
2018-05-17,39600,39600,38450,39000,89783,-0.010152284263959421
2018-05-18,39050,39850,39050,39450,99529,0.011538461538461497
2018-05-21,39400,39650,39000,39250,73308,-0.005069708491761693
2018-05-23,39250,39700,38600,39300,108931,0.001273885350318471
2018-05-24,39600,41750,39350,41100,292070,0.04580152671755733
2018-05-25,40550,41450,40400,41250,111302,0.0036496350364962904
2018-05-28,40650,40650,39500,40200,145036,-0.025454545454545507
2018-05-29,40200,42500,39750,41300,273099,0.027363184079602032
2018-05-30,41500,41750,40100,40800,131099,-0.01210653753026636
2018-05-31,41000,41100,39850,40350,109774,-0.011029411764705843
2018-06-01,40400,41300,40150,40650,85283,0.0074349442379182396
2018-06-04,40950,40950,38850,39350,114657,-0.03198031980319804
2018-06-05,39650,39750,39200,39600,47030,0.006353240152477735
2018-06-07,39600,40250,39000,40250,95254,0.016414141414141437
2018-06-08,39950,40300,39200,39600,55865,-0.016149068322981353
2018-06-11,39600,39600,38500,38850,72629,-0.018939393939393923
2018-06-12,38800,39450,38500,38900,106085,0.0012870012870012104
2018-06-14,42050,42900,39300,40000,574216,0.028277634961439535
2018-06-15,39400,41350,38350,39250,360107,-0.018750000000000044
2018-06-18,39500,39650,37000,37650,176425,-0.040764331210191074
2018-06-19,38100,38350,35250,35250,184547,-0.06374501992031878
2018-06-20,35300,36650,35300,36600,134894,0.038297872340425476
2018-06-21,36600,36750,35650,35650,72065,-0.025956284153005438
2018-06-22,35450,36400,35000,36300,82904,0.018232819074333717
2018-06-25,36550,37100,36400,37100,55864,0.02203856749311295
2018-06-26,36550,37500,36300,37500,75225,0.010781671159029615
2018-06-27,37050,37950,36600,37050,70419,-0.01200000000000001
2018-06-28,36650,37000,35500,36000,66978,-0.028340080971659964
2018-06-29,36050,36250,34500,35150,100965,-0.023611111111111138
2018-07-02,35000,35400,32850,32900,136669,-0.06401137980085347
2018-07-03,33150,34950,33150,33450,166077,0.016717325227963542
2018-07-04,33450,34900,33400,34850,108560,0.041853512705530616
2018-07-05,34800,35450,33950,35300,75001,0.012912482065997155
2018-07-06,35250,35750,34350,35700,70958,0.011331444759206777
2018-07-09,35450,36300,35150,35350,56652,-0.009803921568627416
2018-07-10,35750,36250,35300,35900,75940,0.01555869872701554
2018-07-11,35650,35900,34350,34350,71617,-0.04317548746518107
2018-07-12,34400,35800,34250,35800,74287,0.04221251819505101
2018-07-13,35800,36250,35600,36050,56152,0.006983240223463749
2018-07-16,36250,36350,35300,35700,38085,-0.009708737864077666
2018-07-17,35600,36300,35500,36000,53183,0.008403361344537785
2018-07-18,36250,36400,35100,35350,35726,-0.018055555555555602
2018-07-19,35100,35950,34500,35950,50842,0.016973125884016893
2018-07-20,35500,36250,34700,35000,55218,-0.026425591098748313
2018-07-23,35100,35150,32900,33050,100592,-0.055714285714285716
2018-07-24,33100,33750,32500,33250,58132,0.00605143721633894
2018-07-25,33250,33800,29600,30250,336687,-0.09022556390977443
2018-07-26,30200,31800,30050,31750,129011,0.04958677685950419
2018-07-27,31900,33100,31650,32500,91400,0.023622047244094446
2018-07-30,32300,32750,31550,32200,50732,-0.009230769230769265
2018-07-31,32200,32950,31900,32500,57124,0.009316770186335477
2018-08-01,32900,34300,32550,34000,118093,0.04615384615384621
2018-08-02,34000,34150,32750,33000,72893,-0.02941176470588236
2018-08-03,33200,33750,32950,33300,35241,0.009090909090909038
2018-08-06,33350,33650,32950,33150,34421,-0.0045045045045044585
2018-08-07,33150,34250,32600,33500,82558,0.010558069381598756
2018-08-08,33700,34300,33450,33800,57577,0.008955223880596996
2018-08-09,33600,33950,33250,33900,35969,0.002958579881656709
2018-08-10,33550,34300,32900,33450,76758,-0.013274336283185861
2018-08-13,33100,33350,31200,31450,73845,-0.05979073243647237
2018-08-14,31300,32300,31300,31750,69605,0.009538950715421324
2018-08-16,31700,31900,30500,31600,68038,-0.0047244094488189115
2018-08-17,31900,33300,31700,33100,91025,0.04746835443037978
2018-08-20,33200,40100,33200,36650,1912768,0.107250755287009
2018-08-21,36600,37850,36150,37300,352383,0.017735334242837686
2018-08-22,37400,37850,36650,36750,153545,-0.014745308310991967
2018-08-23,37450,39250,37050,37700,361613,0.02585034013605436
2018-08-24,37900,38600,37350,38050,159237,0.009283819628647105
2018-08-27,38550,38650,37650,38150,145583,0.0026281208935610145
2018-08-28,38550,39900,37800,38100,282816,-0.001310615989515096
2018-08-29,38350,38550,37900,38350,104806,0.006561679790026309
2018-08-30,38000,38250,37450,37800,110934,-0.014341590612777066
2018-08-31,37700,39050,37650,38750,197952,0.025132275132275117
2018-09-03,38500,39250,38250,38800,102246,0.001290322580645098
2018-09-04,39150,39150,38500,39000,90022,0.005154639175257714
2018-09-05,38800,39100,38250,38300,93907,-0.017948717948717996
2018-09-06,38150,38600,37400,37850,108662,-0.011749347258485643
2018-09-07,37350,38450,37350,37800,105365,-0.0013210039630119352
2018-09-10,37550,38150,37350,37650,50680,-0.003968253968253954
2018-09-11,37900,38550,37700,38300,110203,0.01726427622841964
2018-09-12,38550,39350,38000,39150,206589,0.022193211488250597
2018-09-13,39000,39950,38300,39000,182469,-0.003831417624521105
2018-09-14,39450,41000,38750,40700,403780,0.04358974358974366
2018-09-17,40950,41000,39400,39900,187506,-0.019656019656019708
2018-09-18,39350,40550,39150,40550,130861,0.01629072681704269
2018-09-19,40750,40750,39300,39350,106385,-0.0295930949445129
2018-09-20,39500,41000,39500,40050,284152,0.017789072426937835
2018-09-21,40250,40400,39500,40150,95746,0.0024968789013732895
2018-09-27,40300,41350,39950,40550,117563,0.00996264009962644
2018-09-28,40650,40700,39150,39450,100282,-0.027127003699136898
2018-10-01,39450,39550,37500,37850,126487,-0.040557667934093766
2018-10-02,37850,38000,36450,36900,119442,-0.02509907529722588
2018-10-04,36950,37500,35800,36950,93270,0.0013550135501354532
2018-10-05,36500,37300,35650,36400,111649,-0.014884979702300405
2018-10-08,36250,37150,35450,35450,71716,-0.026098901098901117
2018-10-10,35500,35700,34350,34700,90160,-0.021156558533145242
2018-10-11,33250,34500,32500,33900,150732,-0.023054755043227626
2018-10-12,33900,34900,33150,34900,91746,0.029498525073746285
2018-10-15,34600,34650,32350,32800,116290,-0.06017191977077363
2018-10-16,32800,39150,32800,35000,832393,0.06707317073170738
2018-10-17,35600,35850,34200,35050,176227,0.0014285714285713347
2018-10-18,35000,35400,34400,34550,75709,-0.014265335235377985
2018-10-19,34000,35350,33900,35350,77387,0.02315484804630974
2018-10-22,35400,35550,34500,35500,54117,0.004243281471004279
2018-10-23,35000,35250,33500,34000,76671,-0.04225352112676062
2018-10-24,34200,34850,32750,33000,87225,-0.02941176470588236
2018-10-25,31700,33450,31700,32600,105803,-0.012121212121212088
2018-10-26,32950,33100,30250,30700,137197,-0.05828220858895705
2018-10-29,30750,31900,29000,29000,164280,-0.055374592833876246
2018-10-30,28050,29900,28050,29900,173318,0.03103448275862064
2018-10-31,30200,30300,29200,29800,84865,-0.0033444816053511683
2018-11-01,30000,31050,29600,29800,150239,0.0
2018-11-02,30300,31500,30300,31500,144296,0.057046979865771785
2018-11-05,31100,31700,30750,31500,91075,0.0
2018-11-06,31700,31800,30950,31450,68999,-0.0015873015873015817
2018-11-07,31600,32200,30800,31400,93996,-0.0015898251192368873
2018-11-08,31900,32000,31500,31600,67322,0.006369426751592355
2018-11-09,31400,31550,30200,30800,92153,-0.025316455696202556
2018-11-12,30200,30500,29650,29850,76769,-0.030844155844155896
2018-11-13,29250,30200,28950,30100,64288,0.008375209380234505
2018-11-14,30000,30850,29500,30000,71633,-0.0033222591362126463
2018-11-15,29750,30150,29450,29950,50858,-0.0016666666666667052
2018-11-16,30250,31000,30000,30800,65620,0.028380634390651194
2018-11-19,30800,31500,30400,31500,76088,0.022727272727272707
2018-11-20,30800,31250,30600,30800,59178,-0.022222222222222254
2018-11-21,30300,30600,30000,30600,45435,-0.00649350649350644
2018-11-22,30600,31150,30350,30800,47665,0.006535947712418277
2018-11-23,30800,31050,29450,29500,94807,-0.04220779220779225
2018-11-26,29600,30550,29450,30200,58784,0.023728813559322104
2018-11-27,30450,31650,29900,31600,132566,0.04635761589403975
2018-11-28,31700,32150,31150,31450,89680,-0.004746835443038
2018-11-29,31750,32400,30750,31050,67482,-0.012718600953895098
2018-11-30,31400,31400,30550,30700,41734,-0.011272141706924366
2018-12-03,31050,31650,30800,31650,50568,0.030944625407166138
2018-12-04,31650,31900,31250,31600,52603,-0.0015797788309637184
2018-12-05,31000,31200,30400,30950,53069,-0.020569620253164556
2018-12-06,30600,30850,29400,29400,90378,-0.050080775444264924
2018-12-07,29650,30050,29200,29500,42080,0.00340136054421758
2018-12-10,29000,29250,28500,28800,54132,-0.023728813559321993
2018-12-11,28850,29500,28650,28800,70124,0.0
2018-12-12,28800,30800,28800,30800,134536,0.06944444444444442
2018-12-13,30300,30700,29950,30700,101901,-0.0032467532467532756
2018-12-14,30550,30700,29250,29300,82505,-0.0456026058631922
2018-12-17,29100,29450,28400,28750,52850,-0.018771331058020424
2018-12-18,28200,28450,27700,27850,109952,-0.03130434782608693
2018-12-19,27900,28950,27600,28750,75324,0.032315978456014305
2018-12-20,28300,29100,27850,28250,67488,-0.017391304347826098
2018-12-21,28200,28700,28150,28400,37606,0.005309734513274433
2018-12-24,28100,28500,27800,28400,52405,0.0
2018-12-26,27700,28150,27300,27950,71396,-0.015845070422535246
2018-12-27,28550,28650,28000,28400,53354,0.01610017889087656
2018-12-28,28350,29600,28350,29300,75783,0.03169014084507049
2019-01-02,29300,29500,28400,28450,54304,-0.029010238907849817
2019-01-03,28550,28800,27800,28250,71723,-0.007029876977152849
2019-01-04,28250,28400,27500,28400,49702,0.005309734513274433
2019-01-07,28950,29250,28200,28700,53623,0.010563380281690238
2019-01-08,28750,28900,28300,28650,50539,-0.0017421602787456303
2019-01-09,29000,29200,28650,28950,52686,0.010471204188481575
2019-01-10,29000,29250,28500,29100,53124,0.005181347150259086
2019-01-11,29450,29850,29200,29400,64335,0.010309278350515427
2019-01-14,29500,29550,29000,29200,51346,-0.006802721088435382
2019-01-15,29200,29450,28700,29300,44413,0.003424657534246478
2019-01-16,29300,29550,29050,29400,38572,0.0034129692832765013
2019-01-17,29500,30850,29350,30000,182422,0.020408163265306145
2019-01-18,30450,30700,29750,30200,86572,0.006666666666666599
2019-01-21,30200,30300,29550,30150,60681,-0.0016556291390728006
2019-01-22,30050,30350,29700,29950,62345,-0.0066334991708125735
2019-01-23,29950,30050,29550,30000,29358,0.0016694490818029983
2019-01-24,29850,30750,29800,30550,82259,0.018333333333333313
2019-01-25,30550,30650,30300,30500,43033,-0.0016366612111292644
2019-01-28,30500,31500,30500,30850,100769,0.011475409836065653
2019-01-29,30750,30800,30050,30600,69696,-0.008103727714748765
2019-01-30,30450,30650,30150,30550,43050,-0.0016339869281045694
2019-01-31,30550,31100,30450,30850,70031,0.009819967266775809
2019-02-01,30850,30900,30150,30550,53769,-0.00972447325769854
2019-02-07,30750,31350,30450,31300,91535,0.02454991816693952
2019-02-08,31300,31850,31050,31700,89015,0.012779552715654896
2019-02-11,32650,35000,32600,34200,584953,0.07886435331230279
2019-02-12,35000,35700,33700,34450,444275,0.007309941520467822
2019-02-13,34500,34700,33800,34100,150067,-0.010159651669085612
2019-02-14,34200,35200,33850,35100,152170,0.029325513196480912
2019-02-15,35000,35050,34100,34650,105845,-0.012820512820512775
2019-02-18,34650,34900,34250,34900,67608,0.00721500721500723
2019-02-19,34900,35700,34150,35200,114160,0.008595988538681931
2019-02-20,35650,35650,34900,35000,85928,-0.005681818181818232
2019-02-21,34750,35000,34050,34600,73180,-0.011428571428571455
2019-02-22,34350,34550,33700,34100,78037,-0.014450867052023142
2019-02-25,34200,34400,33750,34100,58993,0.0
2019-02-26,34100,34750,33800,33950,68949,-0.004398826979472137
2019-02-27,33950,35000,33950,35000,89529,0.030927835051546282
2019-02-28,35350,38300,35000,36100,577970,0.03142857142857136
2019-03-04,37950,39000,37750,38250,348011,0.059556786703601095
2019-03-05,37800,38750,37100,37800,194493,-0.0117647058823529
2019-03-06,37700,38100,37000,37400,114172,-0.010582010582010581
2019-03-07,37150,38250,36400,37350,120094,-0.0013368983957219305
2019-03-08,37000,37650,36500,37200,76589,-0.004016064257028162
2019-03-11,37200,37650,36400,37000,74225,-0.005376344086021501
2019-03-12,37350,38000,36700,37400,104943,0.0108108108108107
2019-03-13,37700,38600,37500,37800,187449,0.010695187165775444
2019-03-14,38050,38150,37100,37350,107911,-0.011904761904761862
2019-03-15,37100,37450,35850,36300,128547,-0.028112449799196804
2019-03-18,36250,37350,36250,36900,67158,0.016528925619834656
2019-03-19,37150,37350,36150,36300,61472,-0.016260162601625994
2019-03-20,36250,36550,35150,36550,98377,0.00688705234159781
2019-03-21,36600,36750,34950,35050,124652,-0.041039671682626566
2019-03-22,35150,35650,34650,35200,55225,0.004279600570613384
2019-03-25,34500,35050,33800,34150,71548,-0.029829545454545414
2019-03-26,34250,35100,34250,34850,59104,0.020497803806734938
2019-03-27,35450,35650,34700,34950,83091,0.0028694404591105283
2019-03-28,34950,35000,34100,34500,41143,-0.012875536480686733
2019-03-29,34400,34600,32900,34000,104417,-0.01449275362318836
2019-04-01,33600,34400,33300,34100,51356,0.002941176470588225
2019-04-02,34450,34500,33600,34200,53190,0.0029325513196480912
2019-04-03,34200,35450,34050,34700,72571,0.014619883040935644
2019-04-04,34900,35000,34150,34500,47700,-0.0057636887608069065
2019-04-05,34550,34700,33850,34350,49450,-0.004347826086956497
2019-04-08,34450,34450,33750,34050,31622,-0.008733624454148492
2019-04-09,34050,34350,33750,34100,36716,0.001468428781204123
2019-04-10,34100,34250,33700,34250,32987,0.004398826979472137
2019-04-11,34500,36350,34350,36100,204196,0.0540145985401459
2019-04-12,36150,36200,34750,35200,139090,-0.024930747922437657
2019-04-15,35050,35150,34300,34400,89476,-0.022727272727272707
2019-04-16,34300,34550,33150,33350,115373,-0.030523255813953543
2019-04-17,33500,33600,32900,33450,89683,0.0029985007496251548
2019-04-18,33450,33450,32500,32500,64905,-0.02840059790732441
2019-04-19,32750,33000,32100,32700,33481,0.006153846153846176
2019-04-22,32550,33100,32500,32700,35245,0.0
2019-04-23,32750,33000,32500,32700,24588,0.0
2019-04-24,33150,33400,32650,32850,43964,0.004587155963302836
2019-04-25,32800,33000,32500,32500,33980,-0.010654490106544956
2019-04-26,32450,32700,31550,32250,38737,-0.007692307692307665
2019-04-29,32350,32800,31900,32800,29565,0.01705426356589146
2019-04-30,32700,33000,32050,32700,39317,-0.0030487804878048808
2019-05-02,32500,32750,32150,32750,24015,0.001529051987767538
2019-05-03,32600,32800,32300,32750,29234,0.0
2019-05-07,32350,32600,31450,31550,56961,-0.036641221374045796
2019-05-08,31050,31700,30850,30850,53678,-0.022187004754358197
2019-05-09,30800,31150,29800,29950,67052,-0.02917341977309562
2019-05-10,30050,30400,29150,30100,58101,0.005008347245408995
2019-05-13,30100,30350,29100,29100,42150,-0.03322259136212624
2019-05-14,28800,29300,28500,28700,67895,-0.013745704467353903
2019-05-15,28850,29950,28650,29950,43350,0.04355400696864109
2019-05-16,30500,30600,29800,29950,55750,0.0
2019-05-17,30050,30500,29550,29950,26516,0.0
2019-05-20,29950,31000,29600,30000,86079,0.0016694490818029983
2019-05-21,30000,31600,30000,31400,95613,0.046666666666666634
2019-05-22,32450,32650,30800,30900,195998,-0.015923566878980888
2019-05-23,31200,31200,30150,30750,63555,-0.004854368932038833
2019-05-24,30500,30750,29950,30500,40552,-0.008130081300813052
2019-05-27,30300,30600,29950,30500,32090,0.0
2019-05-28,30700,31100,30350,31050,54148,0.0180327868852459
2019-05-29,30950,30950,30050,30400,32609,-0.020933977455716568
2019-05-30,30150,30950,30000,30600,32569,0.006578947368421018
2019-05-31,30450,31000,30100,30550,40760,-0.0016339869281045694
2019-06-03,30450,30850,30400,30750,20899,0.00654664484451728
2019-06-04,30700,31100,30550,30900,32997,0.004878048780487809
2019-06-05,31050,31300,30650,30900,29607,0.0
2019-06-07,30950,31950,30800,31650,55486,0.024271844660194164
2019-06-10,31900,32100,31500,32100,38426,0.014218009478673022
2019-06-11,31750,32350,31750,32250,39035,0.004672897196261738
2019-06-12,32400,32400,31850,32050,33245,-0.006201550387596955
2019-06-13,32200,32250,31650,31700,72233,-0.010920436817472678
2019-06-14,32000,32000,31350,31500,20613,-0.006309148264984188
2019-06-17,31950,32000,31300,31550,49632,0.0015873015873015817
2019-06-18,31550,31950,30800,31300,38706,-0.007923930269413626
2019-06-19,31400,32250,31300,31600,53191,0.009584664536741228
2019-06-20,31900,31950,31550,31800,26676,0.006329113924050667
2019-06-21,31950,31950,30900,31100,40664,-0.022012578616352196
2019-06-24,31100,31300,30350,30900,27210,-0.006430868167202619
2019-06-25,31200,31200,30300,31100,39084,0.006472491909385036
2019-06-26,31050,31300,30500,31150,26896,0.001607717041800738
2019-06-27,31150,31350,30300,30750,45606,-0.012841091492776902
2019-06-28,30650,30950,30050,30200,55914,-0.01788617886178867
2019-07-01,30300,30950,30250,30850,31201,0.021523178807947074
2019-07-02,30550,30950,30450,30500,22332,-0.011345218800648316
2019-07-03,30800,30850,30050,30500,36742,0.0
2019-07-04,30200,30600,29700,30000,43275,-0.016393442622950838
2019-07-05,30000,30700,29850,30700,34152,0.023333333333333428
2019-07-08,30400,30550,29300,29450,54419,-0.04071661237785018
2019-07-09,29600,29950,29100,29100,60659,-0.011884550084889645
2019-07-10,29700,30150,29000,29750,59283,0.022336769759450092
2019-07-11,29900,30150,29500,29800,34903,0.001680672268907557
2019-07-12,30000,30100,29500,29900,33206,0.003355704697986628
2019-07-15,29900,29900,29250,29600,32854,-0.010033444816053505
2019-07-16,29400,29900,29400,29750,25415,0.0050675675675675436
2019-07-17,29650,29700,28900,29350,49367,-0.013445378151260456
2019-07-18,29050,29200,28400,28900,57269,-0.015332197614991494
2019-07-19,28900,29150,28600,29100,27340,0.006920415224913601
2019-07-22,28950,29150,28700,28800,25510,-0.010309278350515427
2019-07-23,28800,29000,28300,28600,41610,-0.00694444444444442
2019-07-24,28350,28700,27850,28350,45461,-0.00874125874125875
2019-07-25,28150,28450,27150,27150,77923,-0.042328042328042326
2019-07-26,26950,27400,26600,26600,50070,-0.02025782688766109
2019-07-29,26350,26600,24650,24800,123687,-0.06766917293233088
2019-07-30,25100,25900,25050,25650,54768,0.03427419354838701
2019-07-31,25350,25800,24450,25500,88097,-0.005847953216374324
2019-08-01,25450,26300,25350,25550,50136,0.0019607843137254832
2019-08-02,24950,25500,24600,24600,138762,-0.03718199608610573
2019-08-05,24550,24900,21900,22150,144774,-0.09959349593495936
2019-08-06,21250,22700,20900,21000,192400,-0.05191873589164786
2019-08-07,21400,22100,21350,22100,91699,0.05238095238095242
2019-08-08,22100,22800,22050,22800,67460,0.03167420814479649
2019-08-09,22850,23150,22500,22850,49346,0.002192982456140413
2019-08-12,22600,23000,22250,22900,50617,0.002188183807439792
2019-08-13,22550,22700,22250,22450,65310,-0.01965065502183405
2019-08-14,22700,22950,22350,22650,40352,0.008908685968819663
2019-08-16,22200,22450,21950,22400,29241,-0.01103752759381893
2019-08-19,22500,22650,22300,22600,27798,0.008928571428571397
2019-08-20,22550,23100,22400,22850,36067,0.01106194690265494
2019-08-21,22800,23850,22650,23850,69256,0.043763676148796504
2019-08-22,23850,24050,23350,23800,45533,-0.002096436058700246
2019-08-23,23500,23900,23450,23550,30851,-0.010504201680672232
2019-08-26,22700,22850,21600,21900,99728,-0.07006369426751591
2019-08-27,22300,22400,21700,22100,48465,0.009132420091324311
2019-08-28,21900,22900,21850,22850,73222,0.03393665158371051
2019-08-29,22700,23400,22300,22800,63496,-0.002188183807439792
2019-08-30,23300,23800,23100,23600,58776,0.03508771929824572
2019-09-02,23300,23750,23050,23700,47227,0.004237288135593209
2019-09-03,23700,23900,23450,23650,40933,-0.002109704641350185
2019-09-04,23400,23900,23400,23750,41190,0.0042283298097252064
2019-09-05,24200,24200,23750,23900,33860,0.006315789473684275
2019-09-06,24000,24150,23550,24000,30968,0.004184100418409997
2019-09-09,24100,24100,23600,23800,35785,-0.008333333333333304
2019-09-10,23600,23950,23250,23600,30848,-0.008403361344537785
2019-09-11,23450,23900,23450,23550,31404,-0.0021186440677966045
2019-09-16,23600,24350,23400,24250,39055,0.02972399150743099
2019-09-17,24050,25000,24050,24700,59258,0.01855670103092777
2019-09-18,24800,25050,24500,24500,65058,-0.0080971659919028
2019-09-19,24850,25050,24400,24550,37988,0.0020408163265306367
2019-09-20,24850,24850,24350,24600,18396,0.0020366598778003286
2019-09-23,24500,24550,23950,24250,36091,-0.014227642276422814
2019-09-24,24050,24900,24000,24600,48692,0.014432989690721598
2019-09-25,24650,24650,23200,23500,46022,-0.04471544715447151
2019-09-26,23650,24100,22950,23650,45181,0.006382978723404209
2019-09-27,23600,23650,22850,23550,25971,-0.0042283298097252064
2019-09-30,23550,23700,23050,23200,23485,-0.014861995753715496
2019-10-01,23200,24300,23200,24300,45270,0.047413793103448176
2019-10-02,24100,24550,23800,24150,49003,-0.006172839506172867
2019-10-04,24150,24200,23600,23750,25496,-0.0165631469979296
2019-10-07,23850,24700,23850,24500,53591,0.03157894736842115
2019-10-08,24200,24450,23650,24000,64101,-0.020408163265306145
2019-10-10,23750,24000,23500,23500,36584,-0.02083333333333337
2019-10-11,23550,23850,23100,23200,35350,-0.012765957446808529
2019-10-14,23600,24200,23350,23750,55829,0.0237068965517242
2019-10-15,23600,25500,23600,25200,181661,0.06105263157894747
2019-10-16,25350,25650,25050,25200,75256,0.0
2019-10-17,25400,25400,24250,24600,57208,-0.023809523809523836
2019-10-18,24600,24700,24050,24350,44126,-0.010162601626016232
2019-10-21,24300,24300,23750,24000,46181,-0.014373716632443578
2019-10-22,24050,24250,23750,24000,75893,0.0
2019-10-23,23950,24900,23950,24800,85866,0.03333333333333344
2019-10-24,24850,24900,23600,24150,100097,-0.02620967741935487
2019-10-25,24250,24250,23650,23800,43659,-0.01449275362318836
2019-10-28,23800,25000,23750,24300,87147,0.021008403361344463
2019-10-29,24800,24800,24150,24400,54841,0.004115226337448652
2019-10-30,24400,24550,23850,23850,36476,-0.02254098360655743
2019-10-31,24000,25000,24000,24450,88118,0.02515723270440251
2019-11-01,24500,24850,24350,24800,51079,0.014314928425357865
2019-11-04,24900,25400,24700,24900,65777,0.0040322580645162365
2019-11-05,24900,25700,24700,25450,131789,0.02208835341365467
2019-11-06,25500,26250,25250,25400,149728,-0.0019646365422396617
2019-11-07,25300,25600,24700,25050,61745,-0.013779527559055094
2019-11-08,25150,25500,24900,25250,50789,0.007984031936127733
2019-11-11,25300,25500,24850,25250,56600,0.0
2019-11-12,25400,25500,24900,25250,43828,0.0
2019-11-13,25050,25300,24900,25150,25253,-0.003960396039603964
2019-11-14,25300,25400,24900,25200,33144,0.001988071570576455
2019-11-15,25300,25450,24900,24900,55057,-0.011904761904761862
2019-11-18,25100,25300,24750,24950,56839,0.002008032128514081
2019-11-19,25050,25050,23800,23850,107033,-0.044088176352705455
2019-11-20,23750,24300,23000,23000,69210,-0.03563941299790352
2019-11-21,22850,23150,22100,22450,81296,-0.023913043478260843
2019-11-22,22500,22800,22250,22500,31653,0.00222717149220486
2019-11-25,22700,23800,22700,23500,68862,0.04444444444444451
2019-11-26,23550,23950,23250,23300,29385,-0.008510638297872353
2019-11-27,23100,23500,23050,23150,31924,-0.006437768240343367
2019-11-28,23150,23200,22100,22350,151329,-0.03455723542116629
2019-11-29,22750,23400,22400,23100,72272,0.033557046979865834
2019-12-02,23100,23500,22650,23000,33045,-0.0043290043290042934
2019-12-03,23000,23000,22500,22700,37673,-0.013043478260869601
2019-12-04,22550,23000,22000,22350,64491,-0.01541850220264318
2019-12-05,23000,24150,22600,22800,191708,0.020134228187919545
2019-12-06,22800,23200,22700,22950,43016,0.006578947368421018
2019-12-09,23000,23700,22950,23700,66016,0.03267973856209161
2019-12-10,23550,23900,23350,23900,38000,0.00843881856540074
2019-12-11,23700,23900,23400,23600,40191,-0.012552301255230103
2019-12-12,23850,24100,22600,23250,506454,-0.014830508474576232
2019-12-13,23550,23550,23050,23350,87994,0.004301075268817289
2019-12-16,23250,23650,23250,23250,40092,-0.004282655246252709
2019-12-17,23450,23850,23250,23500,65386,0.010752688172043001
2019-12-18,23700,25100,23300,23800,323545,0.012765957446808418
2019-12-19,24100,24300,23650,23850,73783,0.0021008403361344463
2019-12-20,24000,24000,23300,23500,77154,-0.014675052410901501
2019-12-23,23500,23600,22950,23150,60170,-0.014893617021276562
2019-12-24,23250,24100,23100,23200,110375,0.002159827213822796
2019-12-26,23300,23750,23000,23450,117820,0.010775862068965525
2019-12-27,23600,24750,23600,24450,174179,0.04264392324093813
2019-12-30,24450,24850,24450,24800,65192,0.014314928425357865
2020-01-02,25500,26200,25000,25100,219392,0.012096774193548487
2020-01-03,25100,25400,24700,25050,82588,-0.0019920318725099584
2020-01-06,24500,25300,24500,25100,90393,0.001996007984031989
2020-01-07,25300,25400,24900,25050,82445,-0.0019920318725099584
2020-01-08,24750,25350,24200,24600,92958,-0.017964071856287456
2020-01-09,25100,25450,24700,25000,103621,0.016260162601626105
2020-01-10,25600,26650,25400,25800,216625,0.03200000000000003
2020-01-13,25850,25900,25300,25650,75541,-0.005813953488372103
2020-01-14,25650,25750,24700,25050,113761,-0.023391812865497075
2020-01-15,25100,25300,24650,24700,60193,-0.013972055888223589
2020-01-16,24750,25100,24700,25000,49301,0.012145748987854255
2020-01-17,25050,25050,24600,25000,53624,0.0
2020-01-20,25100,25200,24700,24950,51601,-0.0020000000000000018
2020-01-21,24800,25000,24450,24450,51049,-0.02004008016032066
2020-01-22,24300,24700,24250,24550,39431,0.004089979550102152
2020-01-23,24400,24500,23950,24150,69184,-0.016293279022403295
2020-01-28,23600,25500,23450,24150,265875,0.0
2020-01-29,24700,25150,24150,24700,116982,0.022774327122153215
2020-01-30,24750,25200,23500,24000,104414,-0.028340080971659964
2020-01-31,24050,24200,22650,22800,105858,-0.050000000000000044
2020-02-03,22000,22800,21900,22600,75336,-0.00877192982456143
2020-02-04,22800,23300,22750,23200,38321,0.026548672566371723
2020-02-05,23500,23900,23150,23400,49593,0.008620689655172376
2020-02-06,23400,23800,23400,23700,37187,0.012820512820512775
2020-02-07,23800,24050,23450,23750,31878,0.0021097046413502962
2020-02-10,23800,23900,23450,23800,22201,0.002105263157894832
2020-02-11,24000,24050,23600,23700,27395,-0.004201680672268893
2020-02-12,23600,23850,23300,23500,44249,-0.008438818565400852
2020-02-13,23500,23750,23300,23450,30164,-0.0021276595744680327
2020-02-14,23300,23550,23000,23300,42252,-0.006396588486140775
2020-02-17,23350,23700,22700,23300,60114,0.0
2020-02-18,23400,24150,23150,23450,118865,0.006437768240343367
2020-02-19,23450,24850,23200,24200,295300,0.031982942430703654
2020-02-20,24450,24500,23800,24200,104847,0.0
2020-02-21,25100,25700,24000,24200,167428,0.0
2020-02-24,23900,24000,22350,22600,136162,-0.06611570247933884
2020-02-25,22300,22800,22000,22750,90554,0.006637168141592875
2020-02-26,22650,22750,22050,22500,48449,-0.01098901098901095
2020-02-27,22750,25850,22550,23800,794730,0.057777777777777706
2020-02-28,23500,25350,21900,24700,1123052,0.037815126050420256
2020-03-02,26450,27100,24500,24700,1051083,0.0
2020-03-03,24650,32000,24350,30300,4778408,0.22672064777327927
2020-03-04,29700,32900,28800,30150,3861092,-0.004950495049504955
2020-03-05,30200,31950,28250,28400,2300225,-0.05804311774461024
2020-03-06,28400,30500,28250,30500,1572160,0.073943661971831
2020-03-09,31900,39400,30550,36500,10126091,0.19672131147540983
2020-03-10,33900,35350,29600,30900,2843345,-0.1534246575342466
2020-03-11,35000,40150,33400,40150,12120562,0.29935275080906143
2020-03-12,38750,41700,36200,37900,5095881,-0.05603985056039851
2020-03-13,35000,42400,30100,34800,5898604,-0.08179419525065967
2020-03-16,35450,39200,34550,34700,3360633,-0.002873563218390829
2020-03-17,32000,40900,32000,36500,6306740,0.05187319884726227
2020-03-18,37500,39700,32900,33450,3471168,-0.08356164383561648
2020-03-19,36750,42700,33200,38000,10544156,0.1360239162929746
2020-03-20,36000,38600,35100,36750,2728475,-0.03289473684210531
2020-03-23,36850,37700,31200,31650,2627791,-0.13877551020408163
2020-03-24,31200,32550,29350,30250,2509771,-0.04423380726698267
2020-03-25,30850,33100,29500,31750,2254999,0.04958677685950419
2020-03-26,39000,41250,36350,41250,5763151,0.29921259842519676
2020-03-27,37900,49200,34850,38900,11321784,-0.056969696969697003
2020-03-30,40050,40800,37500,40400,2019962,0.03856041131105403
2020-03-31,42500,48800,39300,41150,4131572,0.01856435643564347
2020-04-01,41700,41800,36100,38700,1903235,-0.0595382746051033
2020-04-02,39000,39500,36800,38150,671218,-0.014211886304909549
2020-04-03,38450,39000,36850,38300,751936,0.003931847968545288
2020-04-06,38550,39600,37750,39100,727697,0.02088772845953013
2020-04-07,39300,39300,36650,37100,702226,-0.051150895140664954
2020-04-08,37600,38750,36700,37750,824703,0.017520215633423097
2020-04-09,40600,41300,38050,38450,1148386,0.018543046357615944
2020-04-10,39500,40300,37250,37750,1177814,-0.01820546163849157
2020-04-13,39900,43100,37450,38500,2852130,0.019867549668874274
2020-04-14,38200,38450,36500,36900,844155,-0.04155844155844157
2020-04-16,36900,37400,34100,34500,766277,-0.06504065040650409
2020-04-17,39350,39400,35900,36250,1177871,0.050724637681159424
2020-04-20,36250,39750,35800,37200,1473284,0.026206896551724146
2020-04-21,37200,37200,33600,34900,792561,-0.06182795698924726
2020-04-22,34100,35350,34050,35100,263579,0.005730659025787954
2020-04-23,35100,35700,34850,35300,249424,0.005698005698005604
2020-04-24,35000,35850,34250,34400,262495,-0.025495750708215303
2020-04-27,34750,35500,34550,35000,186117,0.01744186046511631
2020-04-28,34700,35100,33950,34150,199087,-0.024285714285714244
2020-04-29,34300,34900,33100,34650,249806,0.014641288433382194
2020-05-04,34700,35650,34350,34750,192486,0.0028860028860029363
2020-05-06,35050,35300,34300,34900,155034,0.004316546762589857
2020-05-07,34650,36000,33900,35350,556552,0.012893982808023008
2020-05-08,36350,36900,34850,35000,571921,-0.00990099009900991
2020-05-11,35100,35500,34500,34700,197864,-0.008571428571428563
2020-05-12,34800,35500,34200,35250,224371,0.015850144092218965
2020-05-13,35450,35450,34800,34900,134044,-0.009929078014184411
2020-05-14,34700,36750,34450,36550,563445,0.04727793696275073
2020-05-15,36550,36550,34950,35100,297666,-0.03967168262653897
2020-05-18,34800,34950,33050,33550,381896,-0.04415954415954415
2020-05-19,33850,38400,33250,34900,1425728,0.04023845007451565
2020-05-20,35200,35450,34600,34950,207212,0.0014326647564470996
2020-05-21,34950,35200,34250,34550,155464,-0.011444921316165924
2020-05-22,34500,35950,34350,35400,314626,0.02460202604920414
2020-05-25,36000,36000,33650,34200,378073,-0.03389830508474578
2020-05-26,34300,34300,33400,33800,223425,-0.011695906432748537
2020-05-27,33800,33800,33200,33300,186154,-0.014792899408283988
2020-05-28,33300,33600,31350,32150,291811,-0.03453453453453459
2020-05-29,32050,32900,31850,32050,143783,-0.0031104199066873672
2020-06-01,32150,32750,31900,32600,110292,0.01716068642745716
2020-06-02,32600,33750,32100,33550,201057,0.02914110429447847
2020-06-03,33400,33500,32000,32250,224006,-0.03874813710879288
2020-06-04,32200,33550,31800,32050,202029,-0.006201550387596955
2020-06-05,32050,32450,31600,32200,127437,0.004680187207488196
2020-06-08,33000,34050,32700,33650,418190,0.045031055900621064
2020-06-09,34200,34550,33500,34200,370746,0.01634472511144125
2020-06-10,34350,35100,34000,34200,322849,0.0
2020-06-11,34300,34850,33550,33850,190436,-0.010233918128654929
2020-06-12,32800,34400,32700,33650,218920,-0.005908419497784312
2020-06-15,34000,34850,31500,31800,412856,-0.054977711738484425
2020-06-16,32350,34350,32350,34350,323943,0.08018867924528306
2020-06-17,34950,35400,33500,34450,451801,0.0029112081513829047
2020-06-18,34550,34800,33750,34000,172080,-0.013062409288824406
2020-06-19,34200,36950,33300,34500,1199732,0.014705882352941124
2020-06-22,34000,34650,33400,33450,247791,-0.0304347826086957
2020-06-23,33600,33700,32200,32450,280043,-0.029895366218236186
2020-06-24,32150,33550,32150,32750,165912,0.009244992295839749
2020-06-25,32750,33500,32350,33200,141856,0.013740458015267132
2020-06-26,33300,33450,32200,32400,165944,-0.02409638554216864
2020-06-29,32200,32750,31950,32100,104646,-0.0092592592592593
2020-06-30,32200,32400,30900,31300,192312,-0.024922118380062308
2020-07-01,31400,34500,31000,31400,364806,0.0031948881789136685
2020-07-02,31500,32200,31500,31700,73981,0.009554140127388644
2020-07-03,31700,33000,31450,32750,178737,0.03312302839116721
2020-07-06,32850,33150,32350,32600,90900,-0.004580152671755711
2020-07-07,32350,33150,32350,32900,90537,0.009202453987730008
2020-07-08,33000,33150,32450,32600,88095,-0.00911854103343468
2020-07-09,32600,33150,32050,32300,144147,-0.009202453987730008
2020-07-10,32200,33500,32150,33050,254213,0.023219814241486114
2020-07-13,32900,34050,32000,32550,697128,-0.015128593040847238
2020-07-14,32600,33350,32100,32450,302603,-0.003072196620583667
2020-07-15,33400,33550,32100,32350,520129,-0.0030816640986132127
2020-07-16,32250,32250,31400,31450,233382,-0.02782071097372485
2020-07-17,31150,32000,31150,31900,113554,0.014308426073131875
2020-07-20,31550,31850,31250,31400,149190,-0.01567398119122254
2020-07-21,31400,32150,31350,31450,144613,0.0015923566878981443
2020-07-22,31650,31800,31000,31750,134676,0.009538950715421324
2020-07-23,31800,32550,31200,32350,194387,0.018897637795275646
2020-07-24,32300,34250,32150,32900,583765,0.01700154559505407
2020-07-27,33000,33250,32050,32350,173471,-0.016717325227963542
2020-07-28,32900,33000,32150,32350,130777,0.0
2020-07-29,32350,32450,31750,31750,109347,-0.018547140649149974
2020-07-30,32000,32050,31250,31350,144458,-0.012598425196850394
2020-07-31,32100,32350,31450,32100,105596,0.02392344497607657
2020-08-03,32400,38300,32150,36500,2373123,0.1370716510903427
2020-08-04,37300,37400,34600,36700,592021,0.005479452054794498
2020-08-05,36950,37450,36000,37200,379486,0.013623978201634968
2020-08-06,37250,38000,36850,37150,328314,-0.0013440860215053752
2020-08-07,37700,38850,37150,37450,333868,0.008075370121130465
2020-08-10,38000,38500,37300,38450,305188,0.026702269692923997
2020-08-11,37800,38200,36250,36700,301078,-0.04551365409622887
2020-08-12,36300,36700,34900,35000,236861,-0.0463215258855586
2020-08-13,35050,35800,34400,34400,177064,-0.017142857142857126
2020-08-14,34500,34700,33100,33750,141008,-0.018895348837209336
2020-08-18,33300,34400,32500,32900,220861,-0.0251851851851852
2020-08-19,33150,34850,33000,34850,253388,0.059270516717325306
2020-08-20,35350,35700,33100,34200,290187,-0.0186513629842181
2020-08-21,34300,36400,33400,33400,425627,-0.023391812865497075
2020-08-24,33300,34200,32500,33400,111509,0.0
2020-08-25,33450,34550,33200,34500,174399,0.03293413173652704
2020-08-26,34500,34500,33500,33950,136184,-0.01594202898550723
2020-08-27,34450,34650,33800,34250,189377,0.008836524300441795
2020-08-28,34400,34950,33900,34400,144781,0.004379562043795637
2020-08-31,34750,35000,34200,34400,108780,0.0
2020-09-01,34100,34400,33800,34000,83195,-0.011627906976744207
2020-09-02,33950,34700,33750,34050,113910,0.0014705882352941124
2020-09-03,34050,34700,33900,34500,132914,0.013215859030837107
2020-09-04,33350,33700,33250,33550,166070,-0.02753623188405796
2020-09-07,33700,35500,33150,34650,245358,0.032786885245901676
2020-09-08,35000,36150,34500,34500,279932,-0.0043290043290042934
2020-09-09,33900,34400,33300,33650,118824,-0.024637681159420333
2020-09-10,33800,34450,33550,34450,104019,0.023774145616641817
2020-09-11,34000,34400,33600,34050,73533,-0.011611030478954953
2020-09-14,34200,34800,33900,34350,110553,0.008810572687224738
2020-09-15,32200,33450,32200,32700,359987,-0.048034934497816595
2020-09-16,32700,32800,31650,31800,244237,-0.02752293577981646
2020-09-17,31550,32000,31050,31200,147609,-0.018867924528301883
2020-09-18,31200,31950,30700,31950,129040,0.024038461538461453
2020-09-21,32100,32900,31800,32450,200278,0.015649452269170583
2020-09-22,32450,32550,31650,31650,115933,-0.024653312788906034
2020-09-23,31800,33000,31650,31800,164568,0.004739336492890933
2020-09-24,31150,31650,29600,29900,205436,-0.05974842767295596
2020-09-25,30000,33400,29550,31850,791551,0.0652173913043479
2020-09-28,31250,32100,30650,30650,242506,-0.03767660910518056
2020-09-29,30800,30950,30350,30650,85632,0.0
2020-10-05,30300,30800,30200,30500,71829,-0.004893964110929905
2020-10-06,30450,30950,30450,30600,78938,0.003278688524590123
2020-10-07,30500,31500,30350,31350,160362,0.02450980392156854
2020-10-08,31200,31300,30650,30800,137697,-0.01754385964912286
2020-10-12,30800,30900,30200,30500,99441,-0.009740259740259716
2020-10-13,30500,31400,30500,30900,154068,0.013114754098360715
2020-10-14,31650,32000,30300,30500,182523,-0.012944983818770184
2020-10-15,30500,30700,29100,29500,135877,-0.032786885245901676
2020-10-16,29150,29550,28350,28650,114392,-0.028813559322033888
2020-10-19,28550,29000,28100,28150,51125,-0.017452006980802848
2020-10-20,27700,29200,27700,28800,174965,0.023090586145648295
2020-10-21,28800,29100,28400,28500,45907,-0.01041666666666663
2020-10-22,28500,28650,27700,27750,57391,-0.02631578947368418
2020-10-23,27800,27900,27050,27400,79748,-0.012612612612612595
2020-10-26,27200,27450,25900,26000,105502,-0.051094890510948954
2020-10-27,25800,26650,25450,25950,61364,-0.0019230769230769162
2020-10-28,25600,26400,25600,26300,33865,0.01348747591522148
2020-10-29,25800,26750,25750,26600,52958,0.011406844106463865
2020-10-30,26800,27800,26500,26550,90071,-0.001879699248120259
2020-11-02,27000,27950,26350,26950,51538,0.015065913370998052
2020-11-03,26850,27600,26700,27350,38424,0.014842300556586308
2020-11-04,27650,27650,27100,27550,34611,0.007312614259597838
2020-11-05,27500,28100,27500,27700,61744,0.005444646098003547
2020-11-06,27700,28400,27100,27350,71152,-0.012635379061371799
2020-11-09,27300,27850,27200,27450,63428,0.003656307129798808
2020-11-10,27200,27400,27000,27050,61388,-0.014571948998178486
2020-11-11,27050,27050,26000,26100,108438,-0.03512014787430684
2020-11-12,26050,26850,26050,26600,96783,0.019157088122605304
2020-11-13,27000,30500,26500,27800,1015128,0.04511278195488733
2020-11-16,28000,28050,27100,27400,171945,-0.014388489208633115
2020-11-17,28000,30200,27600,27750,515392,0.012773722627737127
2020-11-18,28000,28350,27450,28000,106952,0.009009009009008917
2020-11-19,28100,28200,27550,28000,70356,0.0
2020-11-20,27900,28500,27850,28400,75540,0.014285714285714235
2020-11-23,28300,28800,27800,28100,107820,-0.010563380281690127
2020-11-24,28050,28350,27400,27500,98178,-0.02135231316725983
2020-11-25,27500,27700,27050,27100,90390,-0.014545454545454528
2020-11-26,27150,27450,27100,27300,51817,0.007380073800737907
2020-11-27,27200,27700,27200,27550,44214,0.009157509157509125
2020-11-30,27550,27700,27200,27200,55097,-0.012704174228675091
2020-12-01,27650,27750,27150,27300,70287,0.003676470588235281
2020-12-02,27400,27600,27200,27400,53922,0.00366300366300365
2020-12-03,27300,27400,26900,27050,89835,-0.012773722627737238
2020-12-04,27050,27200,26200,26300,135054,-0.027726432532347522
2020-12-07,26300,27150,26200,27000,98169,0.026615969581748944
2020-12-08,26900,27050,26250,26250,78240,-0.02777777777777779
2020-12-09,26300,26650,26300,26350,47022,0.003809523809523707
2020-12-10,26300,26450,26000,26300,44430,-0.00189753320683117
2020-12-11,26200,26700,26050,26650,54419,0.013307984790874583
2020-12-14,26600,27350,26450,26750,140750,0.0037523452157599557
2020-12-15,26850,27350,26600,27150,140591,0.01495327102803734
2020-12-16,27250,27550,27000,27000,74707,-0.0055248618784530246
2020-12-17,27000,27100,26500,26650,71144,-0.012962962962962954
2020-12-18,26850,26850,26400,26600,77528,-0.0018761726078799779
2020-12-21,26700,27300,26550,27000,155577,0.015037593984962516
2020-12-22,27050,27050,26250,26350,88817,-0.024074074074074026
2020-12-23,26600,26700,25650,25800,158621,-0.020872865275142316
2020-12-24,25950,26450,25600,25800,84521,0.0
2020-12-28,25850,26650,25700,25800,104285,0.0
2020-12-29,25950,27050,25950,26850,112020,0.04069767441860472
2020-12-30,27100,27500,26850,27100,63077,0.009310986964618184
2021-01-04,27050,27250,26850,27100,92613,0.0
2021-01-05,27100,29000,27100,28600,292456,0.05535055350553497
2021-01-06,28700,28950,27500,27850,137966,-0.02622377622377625
2021-01-07,27900,28200,27650,27700,74517,-0.0053859964093356805
2021-01-08,27850,27950,26900,27100,139703,-0.02166064981949456
2021-01-11,26900,27000,25700,26050,161047,-0.03874538745387457
2021-01-12,26400,26400,25600,26100,72498,0.0019193857965451588
2021-01-13,26050,26650,25900,26350,73306,0.009578544061302763
2021-01-14,26350,26700,26150,26200,38331,-0.005692599620493399
2021-01-15,26250,26400,25700,25800,69814,-0.01526717557251911
2021-01-18,25650,25800,25400,25450,50158,-0.013565891472868241
2021-01-19,25450,25650,25050,25300,71178,-0.005893909626719096
2021-01-20,25300,25750,25200,25600,50402,0.011857707509881354
2021-01-21,25700,25800,25250,25450,59629,-0.005859375
2021-01-22,25450,25500,25000,25150,75842,-0.011787819253438081
2021-01-25,25200,25250,24900,25050,59345,-0.003976143141153132
2021-01-26,25000,25650,25000,25100,73443,0.001996007984031989
2021-01-27,25150,25350,25000,25000,42243,-0.003984063745019917
2021-01-28,24700,24850,24200,24250,84000,-0.030000000000000027
2021-01-29,24300,24450,23200,23350,109448,-0.03711340206185565
2021-02-01,23000,23950,22950,23750,36573,0.017130620985010614
2021-02-02,23750,25500,23750,24900,81988,0.04842105263157892
2021-02-03,25250,25250,24650,24900,30103,0.0
2021-02-04,24900,25650,24700,25400,45160,0.02008032128514059
2021-02-05,25550,26800,25550,26450,141208,0.04133858267716528
2021-02-08,26350,26600,26000,26450,41083,0.0
2021-02-09,26600,27750,26250,27200,130952,0.02835538752362954
2021-02-10,27550,27650,26800,27150,74549,-0.0018382352941176405
2021-02-15,27150,28350,27050,28300,142432,0.0423572744014733
2021-02-16,28450,29850,27450,29300,279146,0.035335689045936425
2021-02-17,29650,29850,28550,29050,99081,-0.008532423208191142
2021-02-18,29950,31350,29550,30650,383452,0.055077452667814164
2021-02-19,31100,31400,29850,31000,195645,0.011419249592169667
2021-02-22,31150,34250,31150,33150,604267,0.0693548387096774
2021-02-23,33150,33800,32650,32950,178371,-0.006033182503770718
2021-02-24,32900,34000,32200,32700,263750,-0.007587253414264028
2021-02-25,33000,33750,32600,33500,118677,0.024464831804281273
2021-02-26,32450,33900,32450,33650,129740,0.004477611940298498
2021-03-02,33900,34100,32950,33300,99887,-0.010401188707280795
2021-03-03,33400,33400,32500,32750,88035,-0.016516516516516533
2021-03-04,32500,32500,31400,31550,126741,-0.036641221374045796
2021-03-05,31500,33250,30900,32850,138000,0.04120443740095081
2021-03-08,33100,34350,32850,33500,179650,0.019786910197869156
2021-03-09,33600,33850,32600,33650,91967,0.004477611940298498
2021-03-10,33650,33850,32800,33000,65185,-0.019316493313521588
2021-03-11,33350,33550,32600,33000,50501,0.0
2021-03-12,33100,33950,32700,33600,73720,0.018181818181818077
2021-03-15,33400,34500,33050,34250,105151,0.019345238095238138
2021-03-16,34250,34450,33200,34000,50450,-0.007299270072992692
2021-03-17,34050,34550,33250,34500,99148,0.014705882352941124
2021-03-18,34700,34900,34250,34500,69737,0.0
2021-03-19,34350,34750,34050,34700,53367,0.005797101449275255
2021-03-22,34700,34950,33500,34150,71366,-0.015850144092218965
2021-03-23,34200,34400,33600,33900,76473,-0.007320644216691097
2021-03-24,34150,35750,33600,35150,178231,0.03687315634218291
2021-03-25,35350,35600,33750,34200,118119,-0.027027027027026973
2021-03-26,34300,34500,33550,33700,60627,-0.014619883040935644
2021-03-29,34000,34250,32700,32700,72269,-0.029673590504451064
2021-03-30,32700,33200,32000,32800,78095,0.003058103975535076
2021-03-31,32800,32900,31650,31950,80151,-0.02591463414634143
2021-04-01,32100,32200,31200,31800,67825,-0.0046948356807511304
2021-04-02,32000,32000,31150,31150,67106,-0.020440251572327095
2021-04-05,31150,31550,30600,30600,50270,-0.017656500802568198
2021-04-06,30750,31500,30400,31400,78787,0.02614379084967311
2021-04-07,31600,33200,31600,33000,137546,0.05095541401273884
2021-04-08,33500,34600,32950,34500,154164,0.045454545454545414
2021-04-09,34200,34750,34000,34500,82467,0.0
2021-04-12,34450,35150,34200,34650,92107,0.004347826086956497
2021-04-13,34850,36250,34500,35250,246644,0.017316017316017396
2021-04-14,35650,35950,35150,35350,105761,0.0028368794326241176
2021-04-15,35400,35600,34000,34750,119543,-0.016973125884017004
2021-04-16,34800,35200,34300,35200,83596,0.012949640287769792
2021-04-19,35100,36000,34900,35350,119485,0.0042613636363635354
2021-04-20,35350,35500,34800,34950,63527,-0.011315417256011262
2021-04-21,34500,34800,33700,33750,110731,-0.03433476394849788
2021-04-22,33850,34250,33450,33850,55982,0.002962962962963056
2021-04-23,33850,34300,33400,34100,42891,0.007385524372230501
2021-04-26,34250,34450,33600,33900,71148,-0.0058651026392961825
2021-04-27,34750,35250,33800,33950,125653,0.001474926253687281
2021-04-28,34050,34450,32900,33250,83163,-0.020618556701030966
2021-04-29,33250,33450,32450,32700,60096,-0.016541353383458635
2021-04-30,32700,32950,31750,32200,65088,-0.015290519877675823
2021-05-03,31600,32400,31400,31750,67259,-0.013975155279503104
2021-05-04,31400,31800,30750,31250,75482,-0.015748031496062964
2021-05-06,31200,31500,31000,31300,34738,0.0016000000000000458
2021-05-07,31300,31850,30800,31300,48696,0.0
2021-05-10,31600,32300,31500,32200,72266,0.028753993610223683
2021-05-11,32000,32100,31500,31750,44894,-0.013975155279503104
2021-05-12,31700,32050,30650,31150,60968,-0.018897637795275646
2021-05-13,30350,31150,30100,30700,82518,-0.014446227929374
2021-05-14,30700,31700,30500,31100,69481,0.013029315960912058
2021-05-17,31500,33200,31100,32700,196138,0.05144694533762051
2021-05-18,32700,33200,32500,32800,73354,0.003058103975535076
2021-05-20,32850,33600,32750,33000,99815,0.0060975609756097615
2021-05-21,33650,33650,32600,32900,72533,-0.00303030303030305
2021-05-24,32800,32900,32100,32500,49066,-0.012158054711246202
2021-05-25,32550,33300,32500,33050,51116,0.01692307692307682
2021-05-26,33250,33400,32800,33350,48146,0.00907715582450841
2021-05-27,33350,33350,32900,33100,34619,-0.007496251874062998
2021-05-28,33100,33400,32800,33000,45561,-0.0030211480362537513
2021-05-31,33000,33100,32350,32750,71263,-0.007575757575757569
2021-06-01,32750,32950,32450,32650,40632,-0.003053435114503844
2021-06-02,32650,32650,31750,32000,75410,-0.019908116385911168
2021-06-03,32050,32150,31500,31900,46066,-0.0031250000000000444
2021-06-04,31650,31850,31250,31400,53127,-0.01567398119122254
2021-06-07,31350,31500,31100,31350,45007,-0.0015923566878981443
2021-06-08,31300,31650,31050,31400,33679,0.0015948963317384823
2021-06-09,31400,31400,30950,30950,49318,-0.014331210191082855
2021-06-10,30850,31900,30800,31600,53463,0.02100161550888524
2021-06-11,31800,31850,31200,31350,43485,-0.007911392405063333
2021-06-14,31600,31750,31250,31350,44181,0.0
2021-06-15,31700,31800,31150,31600,35566,0.00797448165869219
2021-06-16,31600,31750,31300,31300,41288,-0.009493670886076
2021-06-17,31200,31250,30900,31000,38953,-0.009584664536741228
2021-06-18,31000,31300,30900,31200,34330,0.006451612903225712
2021-06-21,31100,31450,30900,31350,57505,0.004807692307692291
2021-06-22,31450,31650,31350,31500,59511,0.004784688995215225
2021-06-23,31500,34450,31450,33250,499173,0.05555555555555558
2021-06-24,33100,33500,32700,33000,120909,-0.007518796992481258
2021-06-25,33000,33350,32800,33050,55377,0.0015151515151514694
2021-06-28,33350,36500,33350,36500,868767,0.1043872919818456
2021-06-29,36750,37750,36150,36900,429584,0.010958904109588996
2021-06-30,36900,38400,36450,37750,344096,0.023035230352303593
2021-07-01,37450,38300,37250,37950,148689,0.005298013245033095
2021-07-02,37800,38200,37250,37950,187194,0.0
2021-07-05,38350,39700,37500,38200,368035,0.006587615283267567
2021-07-06,38200,38500,37400,38150,129060,-0.0013089005235602524
2021-07-07,38050,40000,37950,39000,333659,0.022280471821756187
2021-07-08,39400,39400,37850,38950,157736,-0.0012820512820512775
2021-07-09,38550,38950,37150,38200,234101,-0.019255455712451908
2021-07-12,38600,38650,37800,38200,79246,0.0
2021-07-13,38250,38350,37400,37800,101238,-0.010471204188481686
2021-07-14,37750,37800,37100,37400,87240,-0.010582010582010581
2021-07-15,37600,37600,36550,37000,103400,-0.010695187165775444
2021-07-16,36900,37450,36700,37400,54851,0.0108108108108107
2021-07-19,37200,38000,37100,37300,82186,-0.002673796791443861
2021-07-20,37000,37050,35600,36150,136393,-0.030831099195710476
2021-07-21,36350,36700,35700,36150,54450,0.0
2021-07-22,36200,36300,35650,36100,60443,-0.0013831258644536604
2021-07-23,36300,37350,36000,37200,112310,0.030470914127423754
2021-07-26,37100,37500,36200,36450,60378,-0.020161290322580627
2021-07-27,36450,36600,35500,35500,65823,-0.026063100137174167
2021-07-28,35400,35700,34800,35450,53223,-0.0014084507042253502
2021-07-29,35300,35700,34850,35500,28567,0.0014104372355430161
2021-07-30,35500,35500,34750,35100,57082,-0.011267605633802802
2021-08-02,34800,35250,34400,34800,64591,-0.008547008547008517
2021-08-03,35000,35000,34400,34700,85206,-0.002873563218390829
2021-08-04,34700,35400,34650,35050,69338,0.01008645533141217
2021-08-05,35050,35600,34950,35100,61016,0.0014265335235377208
2021-08-06,35100,35300,34550,34850,45131,-0.007122507122507171
2021-08-09,34650,34850,33750,34000,111762,-0.024390243902439046
2021-08-10,34000,34250,33700,34050,59238,0.0014705882352941124
2021-08-11,34050,34850,34050,34450,64419,0.011747430249632984
2021-08-12,34450,34600,33750,34100,57237,-0.010159651669085612
2021-08-13,34100,34200,32750,33350,74751,-0.021994134897360684
2021-08-17,33700,34050,32300,33700,132087,0.010494752623688264
2021-08-18,34000,34000,33100,33500,48631,-0.005934718100890191
2021-08-19,33500,34500,32700,33000,108702,-0.014925373134328401
2021-08-20,32900,33200,31700,32150,101101,-0.025757575757575757
2021-08-23,32200,32650,31650,32350,55006,0.0062208398133747345
2021-08-24,32350,33750,32250,33150,93705,0.02472952086553315
2021-08-25,33450,33450,32750,33150,36856,0.0
2021-08-26,33150,33850,33050,33200,51667,0.0015082956259426794
2021-08-27,33050,33200,32400,32650,72995,-0.016566265060240948
2021-08-30,32950,33000,32150,32200,44199,-0.013782542113323082
2021-08-31,32200,32200,31800,32100,37214,-0.0031055900621117516
2021-09-01,32100,32600,31650,32500,47071,0.012461059190031154
2021-09-02,32500,32900,32150,32700,52728,0.006153846153846176
2021-09-03,32600,32950,32400,32800,42534,0.003058103975535076
2021-09-06,32900,32900,32400,32600,75284,-0.0060975609756097615
2021-09-07,32650,34650,32650,34500,245448,0.05828220858895716
2021-09-08,34550,34550,33800,33900,71555,-0.017391304347826098
2021-09-09,33800,34600,33500,33950,58518,0.001474926253687281
2021-09-10,34250,34250,32950,33000,65755,-0.027982326951399128
2021-09-13,32900,33300,32150,32950,61463,-0.0015151515151514694
2021-09-14,33050,33700,32950,33100,67464,0.004552352048558417
2021-09-15,33100,33200,32600,32900,36830,-0.0060422960725075026
2021-09-16,33100,33100,31950,32200,61578,-0.021276595744680882
2021-09-17,32200,32750,31950,32600,46134,0.012422360248447228
2021-09-23,32100,32450,31550,31550,73364,-0.03220858895705525
2021-09-24,31600,31900,31400,31400,61985,-0.004754358161648153
2021-09-27,31350,31500,31000,31300,33646,-0.0031847133757961776
2021-09-28,31250,31300,30200,30500,90250,-0.025559105431309903
2021-09-29,30000,30450,29700,29900,61689,-0.01967213114754096
2021-09-30,29950,30150,29250,29400,64187,-0.01672240802675584
2021-10-01,29050,29200,27950,28300,90672,-0.0374149659863946
2021-10-05,27950,28050,27100,27350,57729,-0.03356890459363959
2021-10-06,27350,27700,26200,26400,84499,-0.034734917733089565
2021-10-07,26400,27500,26400,27500,37304,0.04166666666666674
2021-10-08,27750,27900,27150,27750,33241,0.009090909090909038
2021-10-12,27700,27950,27300,27700,27897,-0.0018018018018017834
2021-10-13,27950,28150,27500,28100,26955,0.014440433212996373
2021-10-14,28150,28700,27950,28300,25515,0.007117437722419906
2021-10-15,28600,29550,28350,29450,54591,0.04063604240282692
2021-10-18,28950,29950,28950,29350,41274,-0.00339558573853993
2021-10-19,29350,29600,28750,29000,52714,-0.011925042589437829
2021-10-20,29000,29500,28800,29000,29730,0.0
2021-10-21,28950,29500,28800,28950,19291,-0.0017241379310344307
2021-10-22,29150,29300,28650,29000,19916,0.0017271157167531026
2021-10-25,30750,31200,29300,29500,115132,0.01724137931034475
2021-10-26,29250,30000,29250,29750,46832,0.008474576271186418
2021-10-27,30300,30500,29700,30000,44454,0.008403361344537785
2021-10-28,29600,30200,29200,29500,39241,-0.01666666666666672
2021-10-29,29500,29550,28350,28500,40048,-0.03389830508474578
2021-11-01,28550,28900,28150,28700,24564,0.007017543859649145
2021-11-02,28700,29300,28700,29050,26735,0.012195121951219523
2021-11-03,29100,29500,28800,29400,24368,0.012048192771084265
2021-11-04,29500,29950,29250,29450,27719,0.001700680272108901
2021-11-05,29400,29450,28800,29000,20160,-0.015280135823429575
2021-11-08,29000,29000,27950,28350,32500,-0.022413793103448265
2021-11-09,28050,28500,28050,28300,17774,-0.0017636684303351524
2021-11-10,28300,28650,27700,28100,31503,-0.007067137809187329
2021-11-11,28050,28500,27850,28300,22859,0.007117437722419906
2021-11-12,28450,28700,28150,28700,16223,0.014134275618374659
2021-11-15,28700,29350,28600,28950,22275,0.008710801393728262
2021-11-16,29050,29100,28300,28650,48464,-0.010362694300518172
2021-11-17,28800,28800,28100,28400,28454,-0.008726003490401424
2021-11-18,28400,28400,27700,27950,24405,-0.015845070422535246
2021-11-19,27650,29000,27600,28700,35817,0.02683363148479434
2021-11-22,28800,28900,28250,28600,17144,-0.0034843205574912606
2021-11-23,28500,28500,27800,27900,20608,-0.02447552447552448
2021-11-24,27900,28100,27750,27950,14561,0.0017921146953405742
2021-11-25,28000,28000,27300,27400,32610,-0.019677996422182487
2021-11-26,27400,27600,26850,27150,33277,-0.009124087591240837
2021-11-29,27150,29250,27000,28200,166552,0.03867403314917128
2021-11-30,28000,28100,26400,26500,73903,-0.06028368794326244
2021-12-01,26250,27150,26250,26800,49765,0.01132075471698113
2021-12-02,26500,27200,26500,27100,26532,0.011194029850746245
2021-12-03,27100,27350,26900,27300,24718,0.007380073800737907
2021-12-06,27200,27200,26700,27000,24947,-0.01098901098901095
2021-12-07,26900,30950,26900,29800,316860,0.10370370370370363
2021-12-08,29950,30350,29600,30000,127870,0.006711409395973256
2021-12-09,30250,30900,30000,30200,53586,0.006666666666666599
2021-12-10,30000,30250,29450,29550,42995,-0.021523178807947074
2021-12-13,29550,29900,28950,29500,36593,-0.0016920473773265332
2021-12-14,29500,30300,29300,30150,47449,0.02203389830508473
2021-12-15,30150,30450,29600,30200,38356,0.0016583747927032544
2021-12-16,30000,30250,29700,29800,41798,-0.013245033112582738
2021-12-17,29800,29950,29200,29350,27761,-0.015100671140939603
2021-12-20,29250,29750,28650,28900,39287,-0.015332197614991494
2021-12-21,28900,29050,28400,28800,35907,-0.0034602076124568004
2021-12-22,28700,29100,28550,28700,24373,-0.00347222222222221
2021-12-23,28950,28950,28250,28600,20697,-0.0034843205574912606
2021-12-24,28600,28800,28300,28450,31799,-0.005244755244755206
2021-12-27,28500,28750,28400,28550,24259,0.0035149384885764245
2021-12-28,28700,29300,28650,28950,41614,0.014010507880910739
2021-12-29,28950,29700,28950,29500,39110,0.01899827288428324
2021-12-30,29800,29800,29100,29500,34883,0.0
2022-01-03,29550,30200,29400,29950,39231,0.015254237288135686
2022-01-04,29600,29950,29200,29700,32426,-0.008347245409014992
2022-01-05,29700,29750,29150,29600,33144,-0.0033670033670033517
2022-01-06,29300,30350,28950,29350,54955,-0.008445945945945943
2022-01-07,29350,29900,29200,29900,21063,0.01873935264054505
2022-01-10,29900,30200,28950,29500,30846,-0.013377926421404673
2022-01-11,29500,29600,28600,28900,26007,-0.02033898305084747
2022-01-12,29300,29550,28950,29400,26969,0.01730103806228378
2022-01-13,29400,29400,28750,28950,26233,-0.015306122448979553
2022-01-14,28750,28900,28450,28650,24401,-0.010362694300518172
2022-01-17,28400,28500,27600,27850,41253,-0.027923211169284423
2022-01-18,27850,28000,27000,27000,35898,-0.030520646319569078
2022-01-19,26650,27250,26500,27000,24489,0.0
2022-01-20,26700,27300,26700,27100,17836,0.0037037037037037646
2022-01-21,26950,27300,26750,27050,21873,-0.0018450184501844769
2022-01-24,26850,27000,26150,26300,30061,-0.027726432532347522
2022-01-25,26100,26300,25050,25200,57807,-0.041825095057034245
2022-01-26,24950,25450,24950,24950,29250,-0.009920634920634885
2022-01-27,24700,24950,23550,23900,86930,-0.04208416833667339
2022-01-28,24150,24700,23900,24500,35404,0.025104602510460206
2022-02-03,25000,25650,24850,25500,35634,0.04081632653061229
2022-02-04,25400,25700,25200,25700,20589,0.007843137254901933
2022-02-07,25700,25900,25450,25850,8185,0.005836575875486361
2022-02-08,25900,26100,25600,25950,14513,0.003868471953578423
2022-02-09,26200,26400,26000,26350,11323,0.015414258188824581
2022-02-10,26350,26500,25850,26050,10242,-0.011385199240986688
2022-02-11,25950,25950,25450,25900,14584,-0.0057581573896353655
2022-02-14,25700,25700,24900,25150,20683,-0.02895752895752901
2022-02-15,25000,25200,24500,24600,17369,-0.021868787276341894
2022-02-16,24800,25550,24800,25500,21618,0.03658536585365857
2022-02-17,25600,26950,25350,26300,43259,0.031372549019607954
2022-02-18,26200,26700,25800,26400,15834,0.0038022813688212143
2022-02-21,26000,26600,25850,26150,15632,-0.009469696969697017
2022-02-22,25650,26100,25400,25550,12059,-0.02294455066921608
2022-02-23,25550,26050,25500,26000,9531,0.017612524461839474
2022-02-24,25700,25850,25000,25500,26904,-0.019230769230769273
2022-02-25,25750,26000,25150,25750,18725,0.009803921568627416
2022-02-28,25350,25800,25350,25800,11907,0.001941747572815622
2022-03-02,25800,26100,25600,26000,9585,0.007751937984496138
2022-03-03,26100,26400,25850,26400,10510,0.01538461538461533
2022-03-04,26400,26400,26100,26200,9101,-0.007575757575757569
2022-03-07,26200,26200,25450,25500,18332,-0.026717557251908386
2022-03-08,25050,25700,25050,25400,8511,-0.0039215686274509665
2022-03-10,25650,26300,25650,26200,19112,0.03149606299212593
2022-03-11,26200,28700,26200,28100,133209,0.0725190839694656
2022-03-14,28000,28650,27600,27950,259545,-0.005338078291814985
2022-03-15,27850,28550,27350,28300,43522,0.012522361359570633
2022-03-16,28350,29200,27950,28900,70097,0.021201413427561766
2022-03-17,29200,29400,28700,29000,47783,0.0034602076124568004
2022-03-18,29300,29500,28700,29400,39732,0.01379310344827589
2022-03-21,29450,29650,28650,28800,36280,-0.020408163265306145
2022-03-22,28950,29300,28650,29100,29879,0.01041666666666674
2022-03-23,29150,29250,28650,29050,24478,-0.0017182130584192379
2022-03-24,28850,29100,28150,28700,42132,-0.012048192771084376
2022-03-25,28750,28800,28550,28700,13188,0.0
2022-03-28,29250,31150,29000,30550,196931,0.06445993031358888
2022-03-29,30350,31250,30000,30100,57057,-0.014729950900163713
2022-03-30,30200,31150,30000,30350,72246,0.008305647840531671
2022-03-31,30200,30350,29550,29700,35227,-0.021416803953871466
2022-04-01,29650,30000,29200,29950,30782,0.008417508417508435
2022-04-04,29850,30000,29550,29700,22386,-0.008347245409014992
2022-04-05,29800,29900,29500,29800,19943,0.0033670033670034627
2022-04-06,29400,29600,28450,28700,69810,-0.03691275167785235
2022-04-07,28650,28700,28000,28500,38499,-0.006968641114982632
2022-04-08,28500,28650,28300,28650,20665,0.0052631578947368585
2022-04-11,28650,29200,28400,28850,21166,0.00698080279232105
2022-04-12,28850,28900,28450,28550,21977,-0.010398613518197597
2022-04-13,28550,28950,28450,28800,17931,0.008756567425569184
2022-04-14,28750,28950,28500,28900,12374,0.003472222222222321
2022-04-15,28500,29100,28400,29050,16964,0.00519031141868509
2022-04-18,29050,29050,28500,28850,14234,-0.0068846815834767705
2022-04-19,29000,29050,28500,28700,13724,-0.005199306759098743
2022-04-20,28550,28750,28200,28400,22399,-0.010452961672473893
2022-04-21,28400,28550,28000,28350,19906,-0.0017605633802817433
2022-04-22,28300,28300,27700,28250,18900,-0.003527336860670194
2022-04-25,28000,28200,27050,27300,29826,-0.03362831858407078
2022-04-26,27500,27850,27400,27700,17105,0.0146520146520146
2022-04-27,27200,27400,26900,27350,20682,-0.012635379061371799
2022-04-28,27350,27500,27000,27400,20470,0.001828153564899404
2022-04-29,27500,27700,27000,27650,18622,0.009124087591240837
2022-05-02,27300,27500,27150,27450,9796,-0.007233273056057921
2022-05-03,27450,27650,27100,27150,11988,-0.010928961748633892
2022-05-04,27250,27400,27050,27200,14920,0.0018416206261511192
2022-05-06,27200,27200,26500,26650,19227,-0.020220588235294157
2022-05-09,26650,26650,25700,26100,35512,-0.0206378986866792
2022-05-10,25600,26100,25150,26050,20960,-0.0019157088122605526
2022-05-11,25800,26400,25650,26200,10177,0.0057581573896352545
2022-05-12,26050,26250,25550,26200,19716,0.0
2022-05-13,26300,26550,26150,26450,13378,0.009541984732824416
2022-05-16,26500,27100,26450,26750,20031,0.011342155009451904
2022-05-17,26250,26800,26050,26700,10443,-0.0018691588785046953
2022-05-18,26700,26800,26450,26750,11365,0.001872659176029856
2022-05-19,26050,26500,26050,26500,15213,-0.009345794392523366
2022-05-20,26500,26800,26300,26750,10744,0.009433962264151052
2022-05-23,26800,27750,26750,27450,37365,0.026168224299065512
2022-05-24,27200,27700,26900,27200,18378,-0.00910746812386154
2022-05-25,27500,29000,27500,28200,88557,0.03676470588235303
2022-05-26,28350,28850,27950,28300,32047,0.0035460992907800915
2022-05-27,28400,28700,28200,28450,15802,0.005300353356890497
2022-05-30,28450,29050,28250,28750,25496,0.010544815465729274
2022-05-31,28750,28950,28550,28850,17308,0.003478260869565153
2022-06-02,29000,29000,28500,28850,11378,0.0
2022-06-03,28900,28950,28600,28850,13833,0.0
2022-06-07,28700,28750,28100,28300,14415,-0.01906412478336217
2022-06-08,28000,28350,28000,28250,10353,-0.0017667844522968323
2022-06-09,28200,28200,27800,27950,13309,-0.010619469026548645
2022-06-10,27750,27800,27000,27400,24816,-0.019677996422182487
2022-06-13,26850,27000,26050,26100,37543,-0.04744525547445255
2022-06-14,25950,26450,25500,26400,30209,0.011494252873563315
2022-06-15,26200,26500,25450,25950,38382,-0.017045454545454586
2022-06-16,26050,26550,25750,26000,16232,0.0019267822736031004
2022-06-17,25250,26050,25000,26000,32127,0.0
2022-06-20,25800,26050,25050,25200,30560,-0.03076923076923077
2022-06-21,25250,25550,25000,25400,22025,0.007936507936507908
2022-06-22,25450,25450,24300,24550,34305,-0.03346456692913391
2022-06-23,24200,24500,23250,23500,58490,-0.04276985743380857
2022-06-24,23550,25550,23500,25500,56360,0.0851063829787233
2022-06-27,25300,25900,25100,25650,17578,0.00588235294117645
2022-06-28,25450,25600,25000,25500,15686,-0.005847953216374324
2022-06-29,25000,25900,24950,25450,9779,-0.0019607843137254832
2022-06-30,25450,25450,24850,25000,11217,-0.017681728880157177
2022-07-01,24950,25200,24300,24500,15239,-0.020000000000000018
2022-07-04,24500,24800,24100,24400,12298,-0.004081632653061273
2022-07-05,24300,25600,24300,25500,20822,0.04508196721311486
2022-07-06,25500,26450,25200,26150,37532,0.025490196078431282
2022-07-07,26550,26550,26100,26150,12664,0.0
2022-07-08,26200,26300,26050,26200,13195,0.0019120458891013214
2022-07-11,26200,26450,25900,26150,6411,-0.001908396946564861
2022-07-12,25850,26400,25650,26200,12550,0.0019120458891013214
2022-07-13,26200,26600,25950,26000,32978,-0.007633587786259555
2022-07-14,26100,26150,25500,26100,16191,0.0038461538461538325
2022-07-15,25950,26100,25450,25950,13303,-0.005747126436781658
2022-07-18,26150,26300,25900,26200,11070,0.009633911368015502
2022-07-19,26200,26500,26000,26350,11036,0.005725190839694694
2022-07-20,26400,26750,26000,26350,22715,0.0
2022-07-21,26300,26400,26000,26300,12789,-0.00189753320683117
2022-07-22,26350,26500,26000,26100,9529,-0.0076045627376425395
2022-07-25,25850,26150,25650,26100,16079,0.0
2022-07-26,26100,26200,25700,25850,13772,-0.009578544061302652
2022-07-27,25950,26100,25550,25900,11972,0.0019342359767891004
2022-07-28,26000,26100,25850,26000,12514,0.0038610038610038533
2022-07-29,26000,26150,25800,26150,8399,0.005769230769230749
2022-08-01,26150,26300,25800,26150,19547,0.0
2022-08-02,26050,26150,25850,26150,9694,0.0
2022-08-03,26150,26650,26050,26500,12062,0.013384321223709472
2022-08-04,26350,27350,26350,27050,23901,0.020754716981132182
2022-08-05,27250,27250,26900,27100,7224,0.001848428835489857
2022-08-08,27100,27100,26550,26900,15546,-0.0073800738007380184
2022-08-09,27000,27000,26400,26700,7523,-0.0074349442379182396
2022-08-10,26700,26800,26300,26700,10043,0.0
2022-08-11,26800,27200,26650,27150,15291,0.016853932584269593
2022-08-12,27150,27200,26950,27200,7239,0.0018416206261511192
2022-08-16,27200,27300,26950,27050,11080,-0.005514705882352922
2022-08-17,26600,26650,25900,26000,32326,-0.038817005545286554
2022-08-18,26000,26100,25650,26000,11795,0.0
2022-08-19,26000,26000,25650,25900,12788,-0.0038461538461538325
2022-08-22,25800,25800,24950,25200,23021,-0.027027027027026973
2022-08-23,24600,24900,23450,23550,123432,-0.06547619047619047
2022-08-24,23600,23850,23450,23750,19712,0.00849256900212314
2022-08-25,23800,24400,23800,24000,17256,0.010526315789473717
2022-08-26,24200,24550,24100,24400,14118,0.016666666666666607
2022-08-29,23750,24000,23550,23900,15304,-0.020491803278688492
2022-08-30,23850,23900,23050,23500,79903,-0.01673640167364021
2022-08-31,23450,23750,23100,23600,14634,0.004255319148936065
2022-09-01,23450,23450,22900,23150,48903,-0.01906779661016944
2022-09-02,23150,23300,22900,23050,19954,-0.004319654427645814
2022-09-05,23000,23100,22450,22700,25302,-0.015184381778741818
2022-09-06,22900,22900,22600,22850,11079,0.0066079295154184425
2022-09-07,22850,22850,22000,22300,28419,-0.024070021881838044
2022-09-08,22300,22500,22050,22300,13008,0.0
2022-09-13,22450,22850,22350,22800,15242,0.022421524663677195
2022-09-14,22350,23400,22150,23250,27568,0.019736842105263053
2022-09-15,23250,23300,22600,22850,17065,-0.017204301075268824
2022-09-16,22850,22850,22300,22600,15535,-0.01094091903719907
2022-09-19,22600,22600,21850,22100,25499,-0.02212389380530977
2022-09-20,22100,22300,21750,22100,9551,0.0
2022-09-21,22100,22100,21700,21750,9187,-0.015837104072398245
2022-09-22,21650,21750,20750,21000,26499,-0.03448275862068961
2022-09-23,20850,21050,19950,20100,59586,-0.042857142857142816
2022-09-26,19550,19850,18900,18900,61033,-0.05970149253731338
2022-09-27,18700,19200,18650,18900,33400,0.0
2022-09-28,19000,19150,18250,18700,48423,-0.010582010582010581
2022-09-29,18800,19350,18700,18750,27926,0.002673796791443861
2022-09-30,18550,18800,18250,18700,17760,-0.002666666666666706
2022-10-04,19200,19350,18850,19200,19394,0.02673796791443861
2022-10-05,19250,19450,18700,18850,26944,-0.01822916666666663
2022-10-06,18950,19300,18800,19200,18071,0.018567639257294433
2022-10-07,19150,19150,18700,18900,16201,-0.015625
2022-10-11,18450,18500,17600,17800,34095,-0.05820105820105825
2022-10-12,17650,17900,17200,17450,31867,-0.0196629213483146
2022-10-13,17300,17450,16500,16800,50755,-0.03724928366762181
2022-10-14,17100,18100,17000,17850,50703,0.0625
2022-10-17,17400,18700,17400,18600,34047,0.04201680672268915
2022-10-18,18800,19150,18550,19000,19515,0.021505376344086002
2022-10-19,18900,19400,18800,19000,16019,0.0
2022-10-20,18850,19150,18650,19100,6211,0.0052631578947368585
2022-10-21,19100,19250,18800,19000,9150,-0.005235602094240788
2022-10-24,19350,20050,19000,19650,38420,0.03421052631578947
2022-10-25,19900,19950,19100,19650,10550,0.0
2022-10-26,19800,20800,19500,20700,64017,0.05343511450381677
2022-10-27,20650,20700,20200,20500,13825,-0.009661835748792313
2022-10-28,20300,21150,19850,20000,33926,-0.024390243902439046
2022-10-31,20200,20400,19900,20350,9687,0.01750000000000007
2022-11-01,20350,20600,20100,20400,9579,0.002457002457002533
2022-11-02,20400,20700,20200,20550,11127,0.007352941176470562
2022-11-03,20250,21000,19950,20850,29159,0.014598540145985384
2022-11-04,20650,20950,20400,20900,18572,0.0023980815347721673
2022-11-07,21000,21200,20800,21200,29218,0.014354066985645897
2022-11-08,21300,21300,20750,21150,12867,-0.002358490566037763
2022-11-09,21250,21250,20600,21000,10086,-0.007092198581560294
2022-11-10,20750,20900,20650,20800,13343,-0.00952380952380949
2022-11-11,21250,21250,20850,21050,16902,0.012019230769230838
2022-11-14,21200,21950,20850,21800,33913,0.03562945368171011
2022-11-15,21800,22050,21750,21800,11127,0.0
2022-11-16,21950,22300,21600,21750,23795,-0.002293577981651418
2022-11-17,21750,21900,21500,21850,7566,0.0045977011494253706
2022-11-18,21750,22050,21500,21900,16800,0.0022883295194509046
2022-11-21,21850,21900,20650,21000,22744,-0.04109589041095896
2022-11-22,20800,21150,20150,20950,32395,-0.0023809523809523725
2022-11-23,21200,21200,20550,20800,6816,-0.007159904534606243
2022-11-24,20800,20900,20400,20700,16886,-0.004807692307692291
2022-11-25,20750,20750,20300,20350,13680,-0.016908212560386437
2022-11-28,20400,20400,19400,19700,40433,-0.03194103194103193
2022-11-29,19550,19800,19450,19750,9916,0.002538071065989911
2022-11-30,19750,19950,19650,19900,9757,0.0075949367088608
2022-12-01,20100,20300,20000,20050,13630,0.007537688442211143
2022-12-02,19900,20100,19850,19950,4641,-0.004987531172069848
2022-12-05,19850,20100,19850,20000,6571,0.0025062656641603454
2022-12-06,19700,20250,19700,20250,12969,0.012499999999999956
2022-12-07,20050,20350,19950,20250,7835,0.0
2022-12-08,20250,20250,19650,20150,7337,-0.004938271604938316
2022-12-09,20250,20250,19900,20250,3963,0.00496277915632759
2022-12-12,20000,20300,20000,20200,5632,-0.0024691358024691024
2022-12-13,20250,20300,20000,20100,6712,-0.004950495049504955
2022-12-14,20400,21100,20250,20800,17962,0.03482587064676612
2022-12-15,20800,21700,20650,21550,91338,0.03605769230769229
2022-12-16,21350,21600,20850,21200,20009,-0.016241299303944357
2022-12-19,21100,21300,20100,20400,21089,-0.037735849056603765
2022-12-20,20400,20450,19600,19600,35840,-0.039215686274509776
2022-12-21,19700,19800,19400,19600,8198,0.0
2022-12-22,19750,19950,19650,19800,11023,0.010204081632652962
2022-12-23,19500,19650,19050,19100,30290,-0.03535353535353536
2022-12-26,19200,19250,18950,19100,22876,0.0
2022-12-27,19000,19300,18950,19150,21681,0.002617801047120505
2022-12-28,19050,19150,18950,19000,4242,-0.007832898172323799
2022-12-29,19100,19450,18800,19150,7603,0.007894736842105177
2023-01-02,19200,20450,19200,19950,30087,0.04177545691906004
2023-01-03,19700,20250,19300,20100,19642,0.007518796992481258
2023-01-04,19900,20250,19900,20150,14880,0.0024875621890547706
2023-01-05,20100,20350,20000,20200,10518,0.002481389578163684
2023-01-06,20300,20450,19950,20200,8603,0.0
2023-01-09,20200,20450,20000,20200,10258,0.0
2023-01-10,20200,20250,20000,20250,7187,0.0024752475247524774
2023-01-11,20250,20450,20250,20450,8734,0.009876543209876631
2023-01-12,20450,20700,20350,20650,7969,0.009779951100244544
2023-01-13,20700,20900,20450,20650,15935,0.0
2023-01-16,20650,20650,20400,20650,13638,0.0
2023-01-17,20800,20800,20000,20400,24372,-0.01210653753026636
2023-01-18,20400,20400,20000,20300,15731,-0.004901960784313708
2023-01-19,20250,20400,20050,20400,11391,0.0049261083743843415
2023-01-20,20400,20550,20250,20500,10545,0.004901960784313708
2023-01-25,20700,20750,20500,20650,12689,0.007317073170731714
2023-01-26,20700,20800,20500,20650,16071,0.0
2023-01-27,20750,20850,20500,20800,15228,0.007263922518159882
2023-01-30,20800,22550,20500,21750,103784,0.04567307692307687
2023-01-31,21600,21850,21300,21500,32199,-0.011494252873563204
2023-02-01,21500,21550,21050,21450,21109,-0.0023255813953488857
2023-02-02,21500,21800,21350,21600,31204,0.006993006993007089
2023-02-03,21600,21600,21250,21400,22245,-0.0092592592592593
2023-02-06,21400,21400,21000,21000,16735,-0.01869158878504673
2023-02-07,21000,21300,20950,21200,13299,0.00952380952380949
2023-02-08,21200,21400,21050,21250,14663,0.002358490566037652
2023-02-09,21400,21400,21000,21000,18434,-0.0117647058823529
2023-02-10,21000,21100,20500,20700,20848,-0.014285714285714235
2023-02-13,20450,20650,20250,20550,10715,-0.007246376811594235
2023-02-14,20600,20700,20400,20600,11668,0.0024330900243310083
2023-02-15,20650,20700,19930,19930,34257,-0.032524271844660224
2023-02-16,19930,20400,19930,20250,14641,0.016056196688409408
2023-02-17,19880,20050,19820,19900,14867,-0.01728395061728394
2023-02-20,19950,20150,19780,20150,15891,0.012562814070351758
2023-02-21,20150,20200,19950,20050,8332,-0.00496277915632759
2023-02-22,19900,20000,19700,19820,22073,-0.011471321695760595
2023-02-23,19890,19890,19660,19760,19224,-0.003027245206861706
2023-02-24,19780,19780,19350,19390,21951,-0.018724696356275272
2023-02-27,19360,19390,19060,19070,19618,-0.016503352243424474
2023-02-28,19070,19260,19050,19140,13938,0.0036706869428422273
2023-03-02,19140,19340,19100,19250,12897,0.005747126436781658
2023-03-03,19350,19700,19190,19590,18191,0.017662337662337713
2023-03-06,19620,21000,19550,20650,72299,0.054109239407861054
2023-03-07,20700,21100,20450,20850,21300,0.009685230024213176
2023-03-08,20750,20900,20400,20600,10810,-0.011990407673860948
2023-03-09,20800,20800,20400,20650,11729,0.0024271844660195274
2023-03-10,20650,20650,19930,20000,22305,-0.03147699757869249
2023-03-13,19860,20000,19570,20000,13835,0.0
2023-03-14,20200,20250,18600,18660,54705,-0.06699999999999995
2023-03-15,18990,19300,18900,19150,23298,0.0262593783494105
2023-03-16,20100,20150,19110,19700,67425,0.02872062663185382
2023-03-17,19700,20350,19580,20150,33096,0.02284263959390853
2023-03-20,20250,20350,19970,20300,23724,0.007444168734491274
2023-03-21,20100,20350,19870,19900,18757,-0.019704433497536922
2023-03-22,19920,20000,19500,19900,16765,0.0
2023-03-23,19700,19870,19580,19610,24981,-0.014572864321608092
2023-03-24,19620,19890,19410,19700,25630,0.004589495155532974
2023-03-27,19710,19710,19000,19550,25212,-0.0076142131979695105
2023-03-28,19590,19950,19550,19800,17582,0.01278772378516635
2023-03-29,19900,20150,19740,20100,25150,0.015151515151515138
2023-03-30,20200,20450,19810,20300,37469,0.00995024875621886
2023-03-31,20100,20350,19960,20200,23387,-0.0049261083743842304
2023-04-03,20100,20550,19920,19980,25583,-0.0108910891089109
2023-04-04,20000,20550,19860,20450,45379,0.023523523523523604
2023-04-05,20250,21850,20200,21800,145223,0.0660146699266504
2023-04-06,21850,22000,21100,21250,46885,-0.025229357798165153
2023-04-07,21400,21550,20950,21450,33812,0.009411764705882453
2023-04-10,21450,21450,20350,20800,53478,-0.030303030303030276
2023-04-11,20800,21350,20500,21300,38097,0.024038461538461453
2023-04-12,21300,21600,21000,21200,30410,-0.0046948356807511304
2023-04-13,21200,21800,20650,21500,34701,0.014150943396226356
2023-04-14,21700,22800,21550,22500,106436,0.04651162790697683
2023-04-17,22500,22550,21700,22150,50928,-0.015555555555555545
2023-04-18,22150,22650,21750,21900,66657,-0.011286681715575675
2023-04-19,21900,21900,20950,21000,57841,-0.04109589041095896
2023-04-20,21200,21200,20150,20350,68568,-0.030952380952380953
2023-04-21,20300,20500,20000,20350,26175,0.0
2023-04-24,20400,20600,19870,19910,39507,-0.021621621621621623
2023-04-25,19940,20100,19500,19600,28156,-0.01557006529382221
2023-04-26,19520,19850,19410,19500,18372,-0.005102040816326481
2023-04-27,19650,19650,19230,19300,23011,-0.01025641025641022
2023-04-28,19340,19720,19100,19500,33934,0.010362694300518172
2023-05-02,19510,19700,19280,19660,11162,0.00820512820512831
2023-05-03,19510,19740,19500,19670,17737,0.0005086469989827869
2023-05-04,19780,20150,19600,20100,16094,0.02186070157600417
2023-05-08,20400,20400,19990,20100,14872,0.0
2023-05-09,20150,20150,19830,20050,12083,-0.0024875621890547706
2023-05-10,20050,20050,19840,20000,8647,-0.0024937655860348684
2023-05-11,20000,20200,19860,20100,10124,0.004999999999999893
2023-05-12,20100,20100,19750,20000,7204,-0.00497512437810943
2023-05-15,20000,20000,19400,19800,9987,-0.010000000000000009
2023-05-16,19520,19960,19470,19600,8003,-0.010101010101010055
2023-05-17,19550,19810,19300,19600,13210,0.0
2023-05-18,19770,19780,19540,19600,7838,0.0
2023-05-19,19650,19750,19560,19720,9516,0.00612244897959191
2023-05-22,19830,19920,19530,19920,7351,0.010141987829614507
2023-05-23,19900,19970,19810,19930,9381,0.0005020080321285203
2023-05-24,19930,20200,19860,19990,17346,0.0030105368790767084
2023-05-25,19900,20000,19770,19820,8580,-0.008504252126062983
2023-05-26,19770,20000,19410,19600,30469,-0.011099899091826404
2023-05-30,19610,19800,19570,19760,14634,0.008163265306122547
2023-05-31,19810,20100,19680,19980,21647,0.011133603238866474
2023-06-01,19970,20200,19910,20200,24875,0.011011011011011096
2023-06-02,20100,20250,20000,20100,9379,-0.004950495049504955
2023-06-05,20100,20200,19900,20150,12309,0.0024875621890547706
2023-06-07,20150,20200,19990,20100,12215,-0.002481389578163795
2023-06-08,20000,20200,19870,20200,9392,0.004975124378109541
2023-06-09,20200,20350,20050,20300,10836,0.004950495049504955
2023-06-12,20400,20400,19970,20000,8633,-0.014778325123152691
2023-06-13,20000,20200,19910,20100,9927,0.004999999999999893
2023-06-14,20100,20250,19860,19860,15781,-0.011940298507462699
2023-06-15,19860,19950,19450,19720,18418,-0.007049345417925457
2023-06-16,19710,19900,19560,19720,12312,0.0
2023-06-19,19720,19800,19560,19800,9938,0.0040567951318457585
2023-06-20,19570,19900,19520,19800,14506,0.0
2023-06-21,19710,19800,19580,19650,8396,-0.007575757575757569
2023-06-22,19530,19750,19460,19630,16557,-0.0010178117048346147
2023-06-23,19600,19690,19520,19650,10529,0.0010188487009679115
2023-06-26,20000,25500,20000,24550,2349795,0.24936386768447827
2023-06-27,24100,29900,23600,26600,2780276,0.0835030549898168
2023-06-28,26600,29050,26200,26600,1131288,0.0
2023-06-29,26500,26900,25300,25600,318368,-0.03759398496240607
2023-06-30,26400,26450,24000,24800,358620,-0.03125
2023-07-03,24800,25150,24300,24850,144638,0.002016129032258007
2023-07-04,24650,24950,23700,24150,175907,-0.028169014084507005
2023-07-05,24300,24650,22650,23100,359669,-0.04347826086956519
2023-07-06,23250,23600,22600,23100,141272,0.0
2023-07-07,22950,23450,22700,23150,114818,0.0021645021645022577
2023-07-10,23100,23100,22200,22550,87767,-0.02591792656587477
2023-07-11,22600,23150,22350,22800,71994,0.011086474501108556
2023-07-12,22800,23250,22500,22850,73433,0.002192982456140413
2023-07-13,23000,23750,22850,23700,161962,0.03719912472647713
2023-07-14,23500,23800,22500,22650,143356,-0.044303797468354444
2023-07-17,22350,22500,21700,21950,89149,-0.030905077262693204
2023-07-18,21750,22250,21600,21900,57122,-0.002277904328018221
2023-07-19,21800,22350,21450,22150,67356,0.011415525114155223
2023-07-20,22050,22700,21700,22300,57452,0.006772009029345272
2023-07-21,21900,23150,21900,22850,127992,0.024663677130044803
2023-07-24,22900,22900,21750,21950,100783,-0.03938730853391681
2023-07-25,21950,21950,21250,21500,79774,-0.02050113895216399
2023-07-26,21300,21500,19770,20150,137996,-0.06279069767441858
2023-07-27,20150,20950,20150,20800,52469,0.032258064516129004
2023-07-28,20550,21200,20250,21000,33980,0.009615384615384581
2023-07-31,21200,21200,20700,21000,26182,0.0
2023-08-01,21150,21900,21150,21850,65507,0.040476190476190554
2023-08-02,22050,22300,21300,21300,104659,-0.02517162471395884
2023-08-03,21450,22700,21050,22150,130064,0.039906103286385
2023-08-04,22150,22250,21250,21800,42062,-0.015801354401805856
2023-08-07,21950,22750,21600,22250,75126,0.020642201834862428
2023-08-08,22650,22650,21700,21950,45759,-0.013483146067415741
2023-08-09,22050,23250,21800,22950,116268,0.04555808656036442
2023-08-10,22500,23000,22200,22800,62808,-0.006535947712418277
2023-08-11,22800,23000,22550,22700,51212,-0.004385964912280715
2023-08-14,22700,22900,22050,22650,37911,-0.0022026431718061845
2023-08-16,22000,22550,20300,20300,117302,-0.10375275938189843
2023-08-17,20300,20300,19320,19480,88369,-0.040394088669950756
2023-08-18,19480,19600,19100,19100,75422,-0.019507186858316206
2023-08-21,19000,19750,19000,19300,41851,0.010471204188481575
2023-08-22,19310,19580,19120,19440,47137,0.007253886010362587
2023-08-23,19460,19650,19140,19290,37489,-0.007716049382716084
2023-08-24,19330,19450,19170,19300,22498,0.0005184033177811909
2023-08-25,19220,19420,18920,18930,31889,-0.01917098445595855
2023-08-28,19000,19250,18760,19050,22288,0.006339144215530945
2023-08-29,18970,19390,18970,19190,28405,0.0073490813648293685
2023-08-30,19210,19530,19210,19400,20956,0.010943199583116181
2023-08-31,19400,19540,19160,19250,24603,-0.0077319587628865705
2023-09-01,19270,19280,19000,19080,32110,-0.008831168831168856
2023-09-04,19100,19170,18920,19000,24428,-0.004192872117400381
2023-09-05,18910,19100,18890,19000,27586,0.0
2023-09-06,18990,19620,18900,19420,53512,0.022105263157894628
2023-09-07,19330,19750,18950,18970,33061,-0.02317198764160655
2023-09-08,18970,19110,18940,19020,18959,0.0026357406431207764
2023-09-11,19000,19920,19000,19670,53286,0.034174553101997907
2023-09-12,19570,19860,19520,19660,24705,-0.0005083884087442314
2023-09-13,19830,19870,19130,19140,32717,-0.0264496439471007
2023-09-14,19020,19300,19020,19150,17805,0.0005224660397074032
2023-09-15,19150,19250,19110,19220,13908,0.0036553524804177062
2023-09-18,19150,19250,19060,19120,14934,-0.005202913631633721
2023-09-19,19110,19160,19000,19120,12169,0.0
2023-09-20,19010,19140,18910,18910,25204,-0.010983263598326354
2023-09-21,19080,19450,18950,19060,48789,0.007932310946589194
2023-09-22,19000,19080,18900,18940,26677,-0.006295907660020972
2023-09-25,18880,19000,18750,18800,27322,-0.007391763463569179
2023-09-26,18870,18940,18000,18000,53837,-0.04255319148936165
2023-09-27,17750,18660,17750,18600,32667,0.03333333333333344
2023-10-04,18600,18620,17920,18020,22853,-0.03118279569892468
2023-10-05,18000,18190,17650,17720,27352,-0.01664816870144281
2023-10-06,17650,17950,17410,17790,10120,0.003950338600451575
2023-10-10,17670,17880,17000,17350,27012,-0.02473299606520518
2023-10-11,17380,17620,17350,17550,21101,0.011527377521613813
2023-10-12,17530,17730,17520,17670,12122,0.006837606837606813
2023-10-13,17650,17670,17380,17420,11084,-0.014148273910582931
2023-10-16,17310,17420,16670,16800,50109,-0.03559127439724452
2023-10-17,16900,17280,16840,16960,21994,0.00952380952380949
2023-10-18,16960,16960,16660,16740,23481,-0.01297169811320753
2023-10-19,16700,16700,16250,16340,37641,-0.02389486260453999
2023-10-20,16200,16300,15870,15980,27513,-0.022031823745410017
2023-10-23,15860,16250,15860,15980,19894,0.0
2023-10-24,15960,16300,15470,16260,27258,0.017521902377972465
2023-10-25,16260,16470,16200,16280,11244,0.0012300123001229846
2023-10-26,16250,16280,15560,15650,17714,-0.038697788697788726
2023-10-27,15650,16210,15650,16060,12975,0.026198083067092703
2023-10-30,15950,16260,15950,16130,5738,0.004358655043586568
2023-10-31,16260,16530,16000,16120,14528,-0.000619962802231866
2023-11-01,16140,16520,16120,16510,19466,0.024193548387096753
2023-11-02,16580,16900,16540,16840,12313,0.019987886129618326
2023-11-03,17000,17240,16780,17230,29167,0.02315914489311166
2023-11-06,17230,17440,17200,17400,20578,0.009866511897852481
2023-11-07,17400,17500,16950,17190,30564,-0.012068965517241348
2023-11-08,17190,17520,17100,17390,12810,0.011634671320535306
2023-11-09,17260,17640,17260,17340,5528,-0.002875215641173101
2023-11-10,17170,17330,16820,16950,8718,-0.02249134948096887
2023-11-13,16950,17450,16830,17040,11139,0.005309734513274433
2023-11-14,16950,17570,16950,17250,5683,0.012323943661971759
2023-11-15,17250,17440,17120,17300,13627,0.0028985507246377384
2023-11-16,17310,17320,17130,17300,3464,0.0
2023-11-17,17440,22450,17290,22450,2932317,0.29768786127167624
2023-11-20,22100,22450,20700,21150,1468951,-0.057906458797327365
2023-11-21,21100,21500,20400,21350,746882,0.009456264775413725
2023-11-22,20800,20900,19560,19560,448780,-0.08384074941451991
2023-11-23,19570,24700,19260,21700,4807193,0.10940695296523528
2023-11-24,21700,22050,21150,21500,588539,-0.009216589861751112
2023-11-27,21700,22950,21200,21200,926085,-0.013953488372092981
2023-11-28,20800,22400,20650,21500,395869,0.014150943396226356
2023-11-29,21500,21950,20850,21050,219153,-0.020930232558139528
2023-11-30,20900,21250,20300,20600,155376,-0.02137767220902609
2023-12-01,20500,22400,20500,21350,543575,0.03640776699029136
2023-12-04,21700,21800,20850,21800,203831,0.021077283372365363
2023-12-05,21550,22950,21200,22300,417959,0.022935779816513735
2023-12-06,22100,22550,21750,22300,231086,0.0
2023-12-07,23250,24300,21550,21850,845206,-0.020179372197309364
2023-12-08,22000,22450,21050,22200,184039,0.016018306636155666
2023-12-11,23150,23750,20500,20500,576900,-0.07657657657657657
2023-12-12,20300,21200,20100,20450,131319,-0.0024390243902439046
2023-12-13,20600,20750,19900,20050,128219,-0.019559902200488977
2023-12-14,20300,23550,20300,21300,1409843,0.06234413965087282
2023-12-15,21150,21300,20350,21000,182444,-0.014084507042253502
2023-12-18,21000,21200,20350,20350,101637,-0.030952380952380953
2023-12-19,20400,21700,20400,21000,184697,0.03194103194103204
2023-12-20,21100,21600,20950,21150,94644,0.0071428571428571175
2023-12-21,20800,20950,20200,20250,89312,-0.04255319148936165
2023-12-22,20600,20750,20250,20500,56440,0.012345679012345734
2023-12-26,20450,21300,20350,20900,73768,0.019512195121951237
2023-12-27,20850,21400,20700,21150,76863,0.011961722488038173
2023-12-28,21050,21250,20600,21000,46375,-0.007092198581560294
2024-01-02,21300,21600,20950,21500,87953,0.023809523809523725
2024-01-03,21400,22200,21300,22000,170302,0.023255813953488413
2024-01-04,21850,21850,20450,20550,138578,-0.06590909090909092
2024-01-05,20600,20900,20050,20150,82060,-0.019464720194647178
2024-01-08,20150,20500,20050,20150,49423,0.0
2024-01-09,20350,26150,20350,26150,4555296,0.29776674937965253
2024-01-10,25850,26700,23900,24300,1832732,-0.07074569789674956
2024-01-11,24050,24300,23500,24100,426486,-0.008230452674897082
2024-01-12,23850,24150,22850,22900,335218,-0.049792531120331995
2024-01-15,23000,23350,22600,22700,221822,-0.008733624454148492
2024-01-16,22800,23250,22400,22550,164443,-0.0066079295154185536
2024-01-17,22550,22700,21750,21800,168886,-0.03325942350332589
2024-01-18,21700,22700,21100,21300,233999,-0.022935779816513735
2024-01-19,21550,21900,21000,21300,111737,0.0
2024-01-22,21500,21900,21300,21750,112454,0.021126760563380254
2024-01-23,22050,22650,21800,22150,207072,0.01839080459770126
2024-01-24,22200,22400,21250,21300,114918,-0.038374717832957095
2024-01-25,21300,21400,20850,21300,78026,0.0
2024-01-26,21500,22500,21350,22250,187932,0.04460093896713624
2024-01-29,22550,22550,21750,22300,111689,0.0022471910112360494
2024-01-30,22300,22350,21550,21750,75039,-0.024663677130044803
2024-01-31,21450,21650,20850,21000,80356,-0.03448275862068961
2024-02-01,20800,21400,20500,20750,84925,-0.011904761904761862
2024-02-02,21050,21550,20850,21350,55602,0.028915662650602414
2024-02-05,21500,21550,20900,21400,49535,0.0023419203747072626
2024-02-06,21450,21500,20900,21400,42659,0.0
2024-02-07,21500,23100,21400,22200,381472,0.03738317757009346
2024-02-08,22000,22050,21500,21600,85068,-0.027027027027026973
2024-02-13,21600,22100,21400,22000,76286,0.0185185185185186
2024-02-14,21600,21950,21450,21700,55605,-0.013636363636363669
2024-02-15,21950,21950,21450,21500,58334,-0.009216589861751112
2024-02-16,21500,21750,21050,21700,68974,0.009302325581395321
2024-02-19,21850,22500,21700,22400,104020,0.032258064516129004
2024-02-20,22550,22900,22200,22450,81707,0.0022321428571427937
2024-02-21,22300,22300,21700,21850,54334,-0.026726057906458767
2024-02-22,21850,21850,21350,21500,62510,-0.016018306636155555
2024-02-23,21500,22400,21350,22050,80146,0.0255813953488373
2024-02-26,22200,22450,21850,22000,67528,-0.0022675736961451642
2024-02-27,21950,21950,21000,21200,101604,-0.036363636363636376
2024-02-28,21400,21700,21050,21350,53974,0.007075471698113178
2024-02-29,21200,21350,20950,20950,45987,-0.0187353629976581
2024-03-04,20900,21250,20650,21150,32350,0.009546539379474916
2024-03-05,21100,21700,20900,21500,43247,0.016548463356973908
2024-03-06,21450,22100,21150,21600,74779,0.0046511627906977715
2024-03-07,21950,22100,21350,21650,73190,0.0023148148148148806
2024-03-08,21650,22350,21400,22300,84322,0.03002309468822162
2024-03-11,22650,22800,21950,22150,69107,-0.006726457399103158
2024-03-12,22100,23250,22000,22900,230215,0.0338600451467268
2024-03-13,23150,23200,22300,22700,118763,-0.008733624454148492
2024-03-14,22800,23800,22700,23000,240944,0.013215859030837107
2024-03-15,22800,22900,22050,22250,78595,-0.03260869565217395
2024-03-18,22550,24000,22550,23450,223894,0.053932584269662964
2024-03-19,23750,24000,23150,23550,175284,0.004264392324093924
2024-03-20,23550,24250,23000,23100,177124,-0.019108280254777066
2024-03-21,23200,24400,22850,22900,290583,-0.008658008658008698
2024-03-22,22950,23500,22650,23250,76444,0.015283842794759916
2024-03-25,23400,24100,23200,23500,106256,0.010752688172043001
2024-03-26,23500,23650,23100,23450,70903,-0.0021276595744680327
2024-03-27,23500,23500,22550,22900,76760,-0.023454157782516027
2024-03-28,23200,23400,22400,22600,74183,-0.013100436681222738
2024-03-29,22700,22900,22400,22550,45388,-0.0022123893805309214
2024-04-01,22750,22850,22300,22550,52124,0.0
2024-04-02,22500,22500,21400,21600,139091,-0.04212860310421285
2024-04-03,21450,21600,21100,21150,42961,-0.02083333333333337
2024-04-04,21250,21500,21150,21200,22814,0.0023640661938533203
2024-04-05,21000,21200,20700,21000,38262,-0.009433962264150941
2024-04-08,21200,21350,20700,21000,28811,0.0
2024-04-09,20950,21250,20850,20900,24446,-0.004761904761904745
2024-04-11,20800,20850,20350,20550,30008,-0.01674641148325362
2024-04-12,20450,21000,20450,20700,26084,0.007299270072992803
2024-04-15,20400,20650,19910,20000,61499,-0.033816425120772986
2024-04-16,19850,20000,19430,19480,64775,-0.026000000000000023
2024-04-17,19480,19730,19350,19350,42337,-0.006673511293634471
2024-04-18,19400,20000,19330,19780,34927,0.022222222222222143
2024-04-19,19900,19900,18960,19350,39871,-0.021739130434782594
2024-04-22,19350,19890,19350,19710,25976,0.018604651162790642
2024-04-23,19760,20100,19700,19930,26785,0.011161846778285245
2024-04-24,19930,20150,19910,20000,20842,0.00351229302558953
2024-04-25,19940,20050,19870,19890,14605,-0.005499999999999949
2024-04-26,19890,20100,19780,20050,26752,0.008044243338360957
2024-04-29,20050,20400,20050,20250,17031,0.009975062344139696
2024-04-30,20200,20500,20150,20300,18312,0.0024691358024691024
2024-05-02,20300,20550,20150,20450,16024,0.00738916256157629
2024-05-03,20500,20800,20400,20700,25012,0.012224938875305513
2024-05-07,20800,21000,20600,20800,20078,0.004830917874396157
2024-05-08,20650,20800,20400,20800,13225,0.0
2024-05-09,20850,21000,20500,20750,16178,-0.0024038461538461453
2024-05-10,20900,21250,20650,20850,30906,0.004819277108433662
2024-05-13,20850,21000,20400,20400,20138,-0.021582733812949617
2024-05-14,20700,23000,20650,22100,324152,0.08333333333333326
2024-05-16,22150,22400,22050,22100,61160,0.0
2024-05-17,22000,22100,21400,21950,49894,-0.006787330316742057
2024-05-20,21950,22450,21750,22000,49769,0.002277904328018332
2024-05-21,22000,22250,21600,22100,45355,0.00454545454545463
2024-05-22,22150,22250,21900,22200,26784,0.004524886877828038
2024-05-23,22200,22250,21350,21500,42563,-0.03153153153153154
2024-05-24,21350,22500,21350,21850,57736,0.016279069767441756
2024-05-27,21750,21850,20550,20700,88606,-0.052631578947368474
2024-05-28,20700,20850,20500,20750,24434,0.0024154589371980784
2024-05-29,20750,20750,20000,20200,43192,-0.026506024096385583
2024-05-30,20100,20300,20000,20200,18354,0.0
2024-05-31,20200,20250,19750,20000,34728,-0.00990099009900991
2024-06-03,20050,20500,20050,20250,20385,0.012499999999999956
2024-06-04,20300,21100,20050,20650,53730,0.01975308641975304
2024-06-05,20900,21050,20200,20500,33172,-0.007263922518159771
2024-06-07,20800,20800,20500,20700,18426,0.009756097560975618
2024-06-10,20700,20700,20400,20600,20080,-0.004830917874396157
2024-06-11,20600,20600,20050,20150,22940,-0.021844660194174748
2024-06-12,20200,20400,20100,20200,12903,0.002481389578163684
2024-06-13,20400,20400,20000,20000,21630,-0.00990099009900991
2024-06-14,20150,20150,19620,19850,52240,-0.007499999999999951
2024-06-17,19970,20100,19790,19860,26706,0.0005037783375314575
2024-06-18,19780,19870,19390,19600,43107,-0.01309164149043307
2024-06-19,19600,19690,19410,19610,20582,0.0005102040816327147
2024-06-20,19500,20150,19500,19770,28209,0.00815910249872509
2024-06-21,19660,19830,19490,19570,22003,-0.010116337885685334
2024-06-24,19500,19760,19460,19570,18780,0.0
2024-06-25,19400,19750,19200,19240,33363,-0.016862544711292782
2024-06-26,19130,19340,19000,19000,32652,-0.012474012474012475
2024-06-27,18980,19000,18490,18500,45315,-0.02631578947368418
2024-06-28,18410,18740,18400,18550,16841,0.002702702702702675
2024-07-01,18420,18930,18420,18800,32532,0.013477088948786964
2024-07-02,18660,18990,18430,18790,44495,-0.0005319148936170359
2024-07-03,18790,18880,18430,18590,18164,-0.010643959552953719
2024-07-04,18520,18720,18520,18620,11758,0.0016137708445400634
2024-07-05,18480,19500,18480,19230,66004,0.032760472610096736
2024-07-08,19370,19370,19100,19240,15110,0.0005200208008320217
2024-07-09,19350,19640,19270,19470,39494,0.011954261954261858
2024-07-10,19330,19660,19330,19570,28890,0.005136106831022058
2024-07-11,19570,19580,19250,19270,21708,-0.015329586101175297
2024-07-12,19200,20000,19200,19640,36186,0.019200830306175476
2024-07-15,19760,19760,19250,19400,26543,-0.012219959266802416
2024-07-16,19330,19570,18830,19020,38179,-0.019587628865979423
2024-07-17,18960,19510,18960,19350,27340,0.017350157728706517
2024-07-18,19350,19370,18900,18960,25467,-0.020155038759689936
2024-07-19,19040,19040,18610,18720,27553,-0.012658227848101222
2024-07-22,18800,18980,18430,18700,18951,-0.0010683760683760646
2024-07-23,18700,19230,18700,18960,31565,0.013903743315508033
2024-07-24,19500,24600,19210,23650,4988817,0.2473628691983123
2024-07-25,22900,23650,22200,22350,1326107,-0.05496828752642702
2024-07-26,22350,22700,21600,21850,596341,-0.022371364653243853
2024-07-29,21850,22250,21450,21950,381184,0.004576659038901587
2024-07-30,21700,21750,20700,21200,330140,-0.034168564920273314
2024-07-31,21250,21650,20900,21350,243046,0.007075471698113178
2024-08-01,21450,22000,21200,21300,221984,-0.0023419203747072626
2024-08-02,20750,20900,20250,20550,198307,-0.035211267605633756
2024-08-05,20000,20150,16700,17220,456890,-0.1620437956204379
2024-08-06,17280,18390,17280,18100,238614,0.05110336817653893
2024-08-07,18040,19390,18040,18850,142889,0.04143646408839774
2024-08-08,18650,19550,18490,19230,102836,0.020159151193633873
2024-08-09,19230,19520,19120,19330,75802,0.005200208008320439
2024-08-12,19500,19900,19410,19500,53137,0.008794619762027889
2024-08-13,19360,19500,18760,18850,69776,-0.033333333333333326
2024-08-14,19000,19210,18820,18910,44862,0.0031830238726791027
2024-08-16,18990,19150,18600,18860,82350,-0.0026441036488630276
2024-08-19,18860,19420,18790,19260,88323,0.021208907741251393
2024-08-20,19320,19420,19050,19110,51705,-0.007788161993769416
2024-08-21,19080,21850,18940,19310,1070094,0.010465724751439032
2024-08-22,19150,19570,19050,19300,101611,-0.0005178663904712444
2024-08-23,19160,19160,18670,18830,122748,-0.024352331606217636
2024-08-26,18800,19050,18510,18560,80415,-0.014338821030270843
2024-08-27,18530,18740,18290,18500,45748,-0.003232758620689613
2024-08-28,18420,18820,18420,18470,31591,-0.001621621621621605
2024-08-29,18350,18580,18170,18170,55791,-0.016242555495397992
2024-08-30,18150,18460,18110,18450,30499,0.015410016510732039
2024-09-02,18450,18570,18180,18410,29989,-0.0021680216802167918
2024-09-03,18490,18770,18340,18480,36558,0.0038022813688212143
2024-09-04,18000,18080,17800,17900,58686,-0.031385281385281405
2024-09-05,17830,18080,17250,17440,63206,-0.025698324022346397
2024-09-06,17320,17430,16960,17190,49081,-0.014334862385321112
2024-09-09,16760,17200,16390,17200,65463,0.0005817335660267542
2024-09-10,17180,17300,16890,17010,64121,-0.01104651162790693
2024-09-11,17040,17370,16950,17000,36510,-0.0005878894767783471
2024-09-12,17060,17760,17060,17760,42414,0.04470588235294115
2024-09-13,17850,17910,17450,17760,26866,0.0
2024-09-19,17960,17960,17510,17800,33583,0.0022522522522523403
2024-09-20,17880,18060,17830,17910,22907,0.006179775280898969
2024-09-23,17910,18020,17850,17990,21931,0.004466778336124966
2024-09-24,17990,18110,17710,18000,23240,0.0005558643690939391
2024-09-25,18090,18100,17750,17900,20081,-0.005555555555555536
2024-09-26,17900,18070,17850,18000,24826,0.005586592178770999
2024-09-27,18170,18210,17790,17800,28809,-0.011111111111111072
2024-09-30,17900,17900,17500,17600,14652,-0.011235955056179803
2024-10-02,17310,17600,17230,17350,23462,-0.014204545454545414
2024-10-04,17000,17700,17000,17460,23339,0.006340057636887497
2024-10-07,17500,17750,17430,17690,20480,0.013172966781214157
2024-10-08,17690,18180,17610,17970,46519,0.015828151498021414
2024-10-10,18170,18270,18020,18220,41664,0.013912075681691727
2024-10-11,18230,18590,18230,18350,36753,0.007135016465422694
2024-10-14,18350,18470,18100,18210,17069,-0.007629427792915533
2024-10-15,18290,18640,18000,18610,30491,0.021965952773201458
2024-10-16,18350,18750,18300,18430,40771,-0.00967221923696937
2024-10-17,18550,18550,17850,18400,18195,-0.0016277807921866172
2024-10-18,18230,18620,18230,18400,33626,0.0
2024-10-21,18340,18570,18270,18390,20333,-0.0005434782608695343
2024-10-22,18270,18380,17840,17910,28999,-0.02610114192495927
2024-10-23,17910,18230,17600,18180,54657,0.015075376884422065
2024-10-24,18100,18100,17800,17810,30364,-0.020352035203520358
2024-10-25,17810,17890,17500,17570,43713,-0.013475575519371175
2024-10-28,17570,18500,17570,18260,38835,0.03927148548662496
2024-10-29,18500,19150,17920,17990,133898,-0.014786418400876244
2024-10-30,18000,18170,17730,17850,36318,-0.0077821011673151474
2024-10-31,17810,17940,17560,17730,31493,-0.006722689075630228
2024-11-01,17720,17720,17100,17100,72615,-0.035532994923857864
2024-11-04,17280,17480,17090,17420,30136,0.01871345029239757
2024-11-05,17350,17640,17310,17370,20923,-0.002870264064293915
2024-11-06,17380,17620,17020,17210,41737,-0.00921128382268277
2024-11-07,17200,17200,16940,17020,31880,-0.01104009296920394
2024-11-08,17020,17170,17020,17040,18475,0.001175088131609936
2024-11-11,17150,17150,16600,16600,55042,-0.025821596244131495
2024-11-12,16520,16600,15870,15870,69729,-0.0439759036144578
2024-11-13,15640,16070,15220,15220,60311,-0.04095778197857591
2024-11-14,15220,15450,14970,15010,44007,-0.01379763469119577
2024-11-15,14970,15510,14920,15500,37629,0.03264490339773474
2024-11-18,17190,18500,16150,16150,566001,0.041935483870967794
2024-11-19,16310,16550,15970,16100,68862,-0.003095975232198178
2024-11-20,16120,16660,16000,16390,78143,0.01801242236024847
2024-11-21,16390,16440,16110,16200,44540,-0.011592434411226371
2024-11-22,16200,16350,16030,16070,32821,-0.008024691358024638
2024-11-25,16070,16340,16060,16100,23359,0.0018668326073427721
2024-11-26,16140,16690,15990,16450,59783,0.021739130434782705
2024-11-27,16480,16840,16150,16150,59437,-0.018237082066869248
2024-11-28,16210,16650,16210,16450,29385,0.018575851393188847
2024-11-29,17000,17090,16310,16500,72507,0.003039513677811634
2024-12-02,17780,18290,17260,17450,204533,0.05757575757575761
2024-12-03,17500,17720,17090,17150,73299,-0.017191977077363862
2024-12-04,16300,17040,16240,16560,133775,-0.03440233236151602
2024-12-05,16620,17000,16050,16050,48556,-0.030797101449275388
2024-12-06,16110,16250,15410,15700,56753,-0.02180685358255452
2024-12-09,15300,15400,14700,14700,105469,-0.06369426751592355
2024-12-10,14710,15630,14710,15590,52835,0.06054421768707474
2024-12-11,15600,16380,15600,16210,43149,0.039769082745349627
2024-12-12,16080,16670,15930,16400,36227,0.01172115977791477
2024-12-13,16260,16690,16260,16640,42663,0.014634146341463428
2024-12-16,16800,16930,16700,16800,34762,0.009615384615384581
2024-12-17,16850,16950,16700,16890,27701,0.005357142857142838
2024-12-18,16900,16900,16640,16890,15446,0.0
2024-12-19,16500,16790,16500,16550,30864,-0.02013025458851392
2024-12-20,16500,16630,16240,16420,23187,-0.007854984894259842
2024-12-23,16430,16590,16340,16500,11199,0.004872107186357999
2024-12-24,16690,16690,16360,16500,12786,0.0
2024-12-26,16520,16650,16370,16480,15058,-0.00121212121212122
2024-12-27,16530,16540,16050,16200,19079,-0.016990291262135915
2024-12-30,16120,16630,16010,16480,11934,0.01728395061728394
2025-01-02,16480,16500,16160,16350,27045,-0.007888349514563076
2025-01-03,16290,16490,16190,16420,38082,0.004281345565749328
2025-01-06,16420,16860,16340,16860,35405,0.02679658952496955
2025-01-07,16860,16940,16740,16840,10170,-0.0011862396204033177
2025-01-08,16800,16920,16660,16840,16602,0.0
2025-01-09,16890,17010,16740,16950,18851,0.0065320665083135054
2025-01-10,16850,17000,16760,16920,16044,-0.001769911504424737
2025-01-13,16920,16920,16570,16680,19787,-0.014184397163120588
2025-01-14,16750,16900,16460,16700,9489,0.0011990407673860837
2025-01-15,16780,17920,16780,16880,134756,0.010778443113772518
2025-01-16,16900,17260,16900,17150,17981,0.015995260663507205
2025-01-17,17150,17150,16820,16970,20012,-0.010495626822157433
2025-01-20,16910,16950,16670,16700,16616,-0.015910430170889778
2025-01-21,16700,16850,16610,16690,17201,-0.0005988023952095967
2025-01-22,16690,16830,16430,16460,33221,-0.013780707010185744
2025-01-23,16580,16580,16060,16200,25702,-0.015795868772782495
2025-01-24,16180,16490,16130,16370,28916,0.01049382716049374
2025-01-31,16250,16450,16220,16320,21717,-0.0030543677458766405
2025-02-03,16200,16200,15540,15570,48900,-0.045955882352941124
2025-02-04,15600,16030,15600,15800,20484,0.014771997430957029
2025-02-05,16000,16150,15800,15980,14662,0.0113924050632912
2025-02-06,16080,16230,16030,16170,21305,0.011889862327909784
2025-02-07,16170,16170,15870,16010,17810,-0.009894867037724131
2025-02-10,16010,16010,15640,15930,9496,-0.004996876951905094
2025-02-11,15820,16040,15790,15910,12115,-0.0012554927809165228
2025-02-12,15900,15960,15630,15680,25464,-0.014456316781898182
2025-02-13,15790,15790,15630,15700,16094,0.0012755102040815647
2025-02-14,15890,15890,15680,15710,11735,0.0006369426751593465
2025-02-17,15970,16140,15780,16000,28834,0.01845957988542324
2025-02-18,16000,16060,15600,15800,41024,-0.012499999999999956
2025-02-19,15760,15920,15670,15820,19899,0.0012658227848101333
2025-02-20,15740,15920,15650,15670,20163,-0.009481668773704155
2025-02-21,15750,15880,15610,15830,11203,0.0102105934907466
2025-02-24,15830,15830,15640,15730,17035,-0.006317119393556503
2025-02-25,15630,15730,15430,15500,29431,-0.014621741894469187
2025-02-26,15530,15820,15460,15820,17529,0.020645161290322678
2025-02-27,15820,15920,15570,15570,16352,-0.015802781289506962
2025-02-28,15550,15550,15180,15330,25511,-0.015414258188824692
2025-03-04,15290,15680,15030,15320,32348,-0.000652315720808927
2025-03-05,15310,15470,15210,15320,13569,0.0
2025-03-06,15320,15320,15120,15190,15573,-0.008485639686684032
2025-03-07,15150,15250,15000,15020,18928,-0.011191573403554922
2025-03-10,15080,15240,14960,15180,14598,0.010652463382157196
2025-03-11,15000,15360,14930,15190,10544,0.0006587615283266679
2025-03-12,15050,15290,15010,15210,13877,0.0013166556945358732
2025-03-13,15180,15790,15150,15620,31115,0.0269559500328731
2025-03-14,15620,15740,15570,15720,23597,0.006402048655569814
2025-03-17,15680,15940,15670,15940,38550,0.013994910941475869
2025-03-18,15900,16210,15830,16190,22467,0.015683814303638632
2025-03-19,16000,17050,16000,16890,97253,0.04323656578134649
2025-03-20,16800,17040,16610,17000,37132,0.006512729425695696
2025-03-21,16890,17410,16770,17400,72567,0.0235294117647058
2025-03-24,17500,17930,17150,17890,96888,0.028160919540229923
2025-03-25,17890,18000,17250,17370,44511,-0.029066517607602038
2025-03-26,17370,17480,16800,16800,23736,-0.032815198618307395
2025-03-27,16800,16870,16040,16500,24217,-0.017857142857142905
2025-03-28,16260,16490,16130,16300,20985,-0.012121212121212088
2025-03-31,16350,16900,15400,15600,91582,-0.042944785276073594
2025-04-01,15650,15940,15400,15820,20983,0.014102564102564052
2025-04-02,15820,15940,15510,15570,8535,-0.015802781289506962
2025-04-03,15410,15580,15320,15500,4332,-0.004495825305073864
2025-04-04,15310,15700,15200,15670,24965,0.010967741935483888
2025-04-07,15500,15500,14840,15060,35444,-0.03892788768347155
2025-04-08,15260,15410,15050,15130,10654,0.004648074369189903
2025-04-09,15400,15400,14870,15130,19160,0.0
2025-04-10,15490,15670,15420,15600,10661,0.03106411103767348
2025-04-11,15480,15980,15400,15900,10654,0.019230769230769162
2025-04-14,16000,16270,16000,16200,8890,0.018867924528301883
2025-04-15,16200,16230,16010,16230,4871,0.0018518518518517713
2025-04-16,16230,16450,16110,16200,8040,-0.001848428835489857
2025-04-17,16250,16300,16100,16210,4350,0.0006172839506173311
2025-04-18,16200,16280,16100,16230,6568,0.0012338062924119875
2025-04-21,16340,17970,16040,16260,93005,0.001848428835489857
2025-04-22,16240,16270,16000,16190,10246,-0.004305043050430557
2025-04-23,16380,16380,16110,16200,4728,0.0006176652254477055
2025-04-24,16440,16440,16020,16230,11015,0.0018518518518517713
2025-04-25,16340,16340,16150,16200,6193,-0.001848428835489857
2025-04-28,16110,16420,16020,16090,15877,-0.006790123456790087
2025-04-29,16100,16200,16020,16140,5024,0.003107520198881275
2025-04-30,16170,16170,15980,16060,7218,-0.00495662949194553
2025-05-02,16060,16070,15810,16070,4299,0.0006226650062266526
2025-05-07,16070,16070,15770,15930,11008,-0.00871188550093338
2025-05-08,15720,16000,15670,15800,10647,-0.008160703075957287
2025-05-09,15870,15900,15740,15900,6451,0.006329113924050667
2025-05-12,15900,15990,15550,15800,10612,-0.0062893081761006275
2025-05-13,15800,15920,15720,15750,8024,-0.0031645569620253333
2025-05-14,15720,15880,15690,15800,12833,0.0031746031746031633
2025-05-15,15890,15890,15720,15790,7798,-0.0006329113924050667
2025-05-16,15870,15870,15640,15720,10317,-0.004433185560481334
2025-05-19,15570,15710,15440,15460,11613,-0.01653944020356235
2025-05-20,15470,15600,15280,15350,9681,-0.007115135834411368
2025-05-21,15350,15480,15280,15400,8415,0.0032573289902280145
2025-05-22,15390,15750,15350,15710,23003,0.02012987012987022
2025-05-23,15830,15830,15440,15440,9204,-0.017186505410566544
2025-05-26,15440,15630,15320,15440,6126,0.0
2025-05-27,15360,15500,15350,15370,5416,-0.0045336787564767
2025-05-28,15400,15620,15350,15520,8431,0.009759271307742345
2025-05-29,15560,15640,15460,15640,11568,0.0077319587628865705
2025-05-30,15600,15780,15540,15720,4118,0.005115089514066584
2025-06-02,15650,15900,15630,15770,9793,0.0031806615776082126
2025-06-04,15750,15880,15650,15740,8124,-0.0019023462270133518
2025-06-05,15800,15870,15740,15820,7517,0.0050825921219821435
2025-06-09,15820,15930,15770,15900,6357,0.005056890012642201
2025-06-10,15970,16020,15790,15910,5687,0.0006289308176101738
2025-06-11,15920,15970,15830,15950,10654,0.0025141420490257804
2025-06-12,15810,15950,15800,15910,12259,-0.0025078369905956466
2025-06-13,16020,16020,15540,15700,16909,-0.013199245757385292
2025-06-16,15590,15680,15510,15650,10722,-0.0031847133757961776
2025-06-17,15730,15800,15580,15650,9229,0.0
2025-06-18,15840,15840,15550,15590,15154,-0.003833865814696469
2025-06-19,15540,15650,15540,15570,4784,-0.0012828736369467908
2025-06-20,15660,15750,15550,15650,20839,0.005138086062941527
2025-06-23,15600,15650,15400,15580,15785,-0.004472843450479269
2025-06-24,15600,15700,15500,15570,21691,-0.0006418485237483784
2025-06-25,15590,15690,15490,15570,12945,0.0
2025-06-26,15600,15600,15260,15380,20597,-0.012202954399486154
2025-06-27,15450,15450,15210,15380,15781,0.0
2025-06-30,15380,15380,15000,15060,23394,-0.020806241872561748
2025-07-01,15060,15260,15020,15190,18535,0.00863213811420982
2025-07-02,15100,15370,14920,15360,39266,0.011191573403555033
2025-07-03,15360,15530,15260,15460,9998,0.006510416666666741
2025-07-04,15460,15560,15400,15500,17527,0.002587322121604174
2025-07-07,15430,15500,15270,15380,8666,-0.007741935483870921
2025-07-08,15230,15410,15220,15320,11049,-0.0039011703511053764
2025-07-09,15470,15470,15250,15310,11494,-0.0006527415143603443
2025-07-10,15430,15670,15390,15650,34684,0.022207707380796915
2025-07-11,15550,15790,15510,15710,26696,0.00383386581469658
2025-07-14,15720,15850,15670,15810,22436,0.006365372374283806
2025-07-15,15770,15810,15650,15780,10408,-0.00189753320683117
2025-07-16,15810,15810,15550,15740,11885,-0.0025348542458808465
2025-07-17,15740,15990,15580,15920,22383,0.011435832274459878
2025-07-18,15920,15970,15770,15960,22284,0.002512562814070307
2025-07-21,15960,15970,15660,15740,22824,-0.013784461152882233
2025-07-22,15740,15900,15550,15710,12245,-0.001905972045743276
2025-07-23,15700,15750,15610,15730,11449,0.0012730744748568057
2025-07-24,15730,15810,15550,15690,21485,-0.002542911633820699
2025-07-25,15580,15750,15400,15630,19034,-0.003824091778202643
2025-07-28,15520,15620,15330,15350,18599,-0.01791426743442104
2025-07-29,15260,15400,15190,15370,12970,0.0013029315960912946
2025-07-30,15270,15470,15270,15370,13754,0.0
2025-07-31,15370,15470,15330,15470,5642,0.006506180871828304
2025-08-01,15320,15400,15050,15090,29682,-0.024563671622495176
2025-08-04,15040,15130,14990,15130,20304,0.002650762094102088
2025-08-05,15450,15950,15350,15890,57952,0.050231328486450844
2025-08-06,15910,16100,15700,15890,21243,0.0
2025-08-07,15880,15890,14900,15800,27589,-0.005663939584644395
2025-08-08,15710,15950,15710,15950,12633,0.009493670886076
2025-08-11,15950,16100,15730,15970,25291,0.0012539184952977678
2025-08-12,15890,15980,15740,15900,11253,-0.004383218534752653
2025-08-13,15900,15940,15500,15920,13263,0.0012578616352201255
2025-08-14,15830,16030,15700,15920,10150,0.0
2025-08-18,16070,16500,15950,16060,93963,0.008793969849246297
2025-08-19,16040,16100,15800,16060,21985,0.0
2025-08-20,15950,15950,15520,15600,23460,-0.028642590286425906
2025-08-21,15640,15690,15490,15600,14865,0.0
2025-08-22,15500,15650,15460,15470,18911,-0.008333333333333304
2025-08-25,15520,15740,15480,15720,13186,0.01616031027795728
2025-08-26,15620,15750,15550,15710,8173,-0.0006361323155216203
2025-08-27,15710,15710,15450,15640,12767,-0.004455760661998709
2025-08-28,15690,15690,15450,15510,8463,-0.00831202046035806
2025-08-29,15590,15590,15270,15520,16079,0.0006447453255964408
2025-09-01,15520,15550,15170,15220,14768,-0.019329896907216537
2025-09-02,15230,15340,15150,15230,13377,0.0006570302233903647
2025-09-03,15200,15330,15180,15300,4806,0.004596191726854881
2025-09-04,15300,15540,15270,15520,13100,0.01437908496732021
2025-09-05,15490,15620,15450,15620,11970,0.006443298969072142
2025-09-08,15750,15900,15500,15700,15882,0.005121638924455718
2025-09-09,15610,15800,15570,15740,7847,0.002547770700636942
2025-09-10,15740,15740,15570,15730,10976,-0.0006353240152477957
2025-09-11,15610,15770,15610,15730,13506,0.0
2025-09-12,15730,15810,15650,15800,12974,0.004450095359186168
2025-09-15,15830,15880,15650,15840,20878,0.0025316455696202667
2025-09-16,15740,15900,15700,15870,12943,0.0018939393939394478
2025-09-17,15800,15850,15680,15850,10006,-0.001260239445494693
2025-09-18,15810,16080,15790,15980,30321,0.008201892744479578
2025-09-19,15970,15970,15620,15630,21579,-0.021902377972465636
2025-09-22,15640,15800,15640,15690,15268,0.0038387715930903177
2025-09-23,15690,15750,15540,15750,24154,0.003824091778202643
2025-09-24,15700,15800,15550,15630,15464,-0.007619047619047636
2025-09-25,15650,15900,15400,15610,20311,-0.001279590531030106
2025-09-26,15630,15630,15160,15600,36251,-0.0006406149903908087
2025-09-29,15550,15550,15320,15350,20574,-0.01602564102564108
2025-09-30,15300,15360,15160,15360,17597,0.0006514657980456473
2025-10-01,15230,15450,15210,15290,7202,-0.00455729166666663
2025-10-02,15350,15500,15280,15490,13610,0.013080444735120933
2025-10-10,15500,15540,15250,15310,18315,-0.011620400258231078
2025-10-13,15190,15270,15010,15170,27037,-0.009144350097975207
2025-10-14,15170,15300,15020,15110,25712,-0.0039551746868820015
2025-10-15,15130,15300,15120,15270,10985,0.010589013898080646
2025-10-16,15270,15420,15230,15280,15638,0.0006548788474132206
2025-10-17,15270,15290,15100,15150,18557,-0.008507853403141308
2025-10-20,15110,15240,15100,15230,18722,0.005280528052805211
2025-10-21,15250,15330,15070,15120,24376,-0.007222586999343417
2025-10-22,15120,15190,15000,15180,20825,0.003968253968253954
2025-10-23,15190,15210,15080,15140,18331,-0.0026350461133070047
2025-10-24,15140,15200,15000,15130,21446,-0.0006605019815059121
2025-10-27,15200,15310,15090,15300,35883,0.011235955056179803
2025-10-28,15160,15350,15140,15240,30781,-0.0039215686274509665
2025-10-29,15400,15550,15260,15410,44233,0.011154855643044526
2025-10-30,15370,15530,15110,15140,30217,-0.0175210902011681
2025-10-31,15340,15340,14980,15150,34296,0.0006605019815060231
2025-11-03,15160,15270,15010,15010,31610,-0.009240924092409286
2025-11-04,15010,15350,14990,15200,50010,0.012658227848101333
2025-11-05,15200,15200,14770,15030,45598,-0.011184210526315796
2025-11-06,15100,15360,15040,15170,26702,0.009314703925482393
2025-11-07,15150,15150,14720,14850,41922,-0.02109426499670397
2025-11-10,14930,15060,14850,14990,16526,0.00942760942760934
2025-11-11,14900,15210,14750,14820,25406,-0.011340893929286167
2025-11-12,14910,15670,14900,15480,77376,0.044534412955465674
2025-11-13,15480,15650,15380,15480,20601,0.0
2025-11-14,15350,15550,15210,15370,15161,-0.00710594315245483
2025-11-17,15400,15540,15280,15530,21178,0.010409889394925154
2025-11-18,15530,15530,15110,15300,22656,-0.01481004507405026
2025-11-19,15390,15390,14940,15140,15967,-0.010457516339869244
2025-11-20,15250,15480,15190,15450,26571,0.020475561426684274
2025-11-21,15250,15460,15120,15390,22902,-0.003883495145631022
2025-11-24,15360,15730,15360,15600,28993,0.013645224171539905
2025-11-25,15460,15750,15350,15540,17542,-0.0038461538461538325
2025-11-26,15590,15700,15400,15610,18273,0.0045045045045044585
2025-11-27,15610,15790,15550,15610,14205,0.0
2025-11-28,15540,17050,15540,17050,193376,0.09224855861627157
2025-12-01,17060,17530,17050,17450,96273,0.02346041055718473
2025-12-02,17500,17530,16820,17000,68407,-0.025787965616045794
2025-12-03,16890,17200,16790,17080,27008,0.004705882352941115
2025-12-04,17100,17140,16750,16870,30241,-0.012295081967213073
2025-12-05,16890,16930,16650,16930,17879,0.003556609365737984
2025-12-08,16910,17160,16700,16800,23819,-0.007678676904902537
