Date,Open,High,Low,Close,Volume,Change
2020-02-28,16255,21120,16215,19612,16908924,
2020-03-02,19986,20458,16497,16763,5647478,-0.14526820314093414
2020-03-03,17270,19231,15837,16668,13518691,-0.00566724333353219
2020-03-04,16874,18534,16782,17631,6543661,0.05777537796976251
2020-03-05,17497,17800,15989,16330,2567470,-0.07379048267256538
2020-03-06,16347,18836,16139,17159,8516951,0.05076546233925283
2020-03-09,18101,22250,17780,22250,5454565,0.29669561163237956
2020-03-10,23947,25266,19139,19988,12948801,-0.10166292134831456
2020-03-11,20742,22156,19515,21026,4229677,0.05193115869521714
2020-03-12,21023,23099,20080,22345,5923420,0.062731855797584
2020-03-13,20177,22439,18669,18669,3126848,-0.16451107630342354
2020-03-16,18855,20929,16989,18781,5207250,0.005999250093738251
2020-03-17,17345,19610,17196,18102,2237440,-0.036153559448378725
2020-03-18,18629,19328,17875,18084,2905787,-0.0009943652635068245
2020-03-19,21214,22439,16441,17198,8720610,-0.04899358548993582
2020-03-20,15912,17930,15743,16574,3787089,-0.03628328875450637
2020-03-23,16043,16911,14254,14254,1396948,-0.13997827923253292
2020-03-24,14499,15387,14217,14501,927898,0.01732846920162756
2020-03-25,14989,16121,14668,15198,1869323,0.04806565064478319
2020-03-26,15781,17063,15498,16028,2244621,0.05461244900644813
2020-03-27,16496,19513,14705,17064,6084115,0.06463688545046176
2020-03-30,17591,19044,17063,18064,2961612,0.05860290670417245
2020-03-31,18459,18514,16989,18064,2038033,0.0
2020-04-01,19044,19798,17892,18517,2509152,0.025077502214349012
2020-04-02,23852,24042,21307,24042,11039592,0.29837446670627
2020-04-03,25549,27717,22909,24890,13051079,0.03527160801929963
2020-04-06,24514,26776,23947,26306,7520456,0.05689031739654471
2020-04-07,25832,34131,23664,34131,18008100,0.2974606553637953
2020-04-08,35733,43748,35357,35452,20239142,0.038703817643784166
2020-04-09,34884,36203,31584,32528,5508542,-0.08247771634886603
2020-04-10,32055,33282,27342,29323,5235859,-0.0985304968027545
2020-04-13,29509,30923,26869,27531,3034477,-0.06111243733587968
2020-04-14,28001,28190,25266,26588,2043652,-0.0342522974101922
2020-04-16,26493,27625,24796,27155,1555975,0.02132540995938026
2020-04-17,26774,27528,26209,26493,856472,-0.024378567482968183
2020-04-20,26868,28282,26585,28190,1359003,0.06405465594685378
2020-04-21,27812,28471,25077,27436,1222977,-0.026747073430294477
2020-04-22,26587,28096,26022,27909,916548,0.01724012246683193
2020-04-23,27812,32055,27436,29417,7146773,0.05403274929234292
2020-04-24,29700,31303,27814,28098,2309527,-0.04483801883264782
2020-04-27,28755,29038,27811,28568,708033,0.016727169193536895
2020-04-28,29133,29509,26871,26966,891898,-0.05607672920750495
2020-04-29,26871,27152,25173,26117,783949,-0.031484091077653376
2020-05-04,25644,26776,24984,25363,472456,-0.028870084619213587
2020-05-06,26022,26117,25173,25552,303832,0.007451799865946462
2020-05-07,25360,28660,25171,27625,2549024,0.0811286787726988
2020-05-08,28095,29225,27435,29133,1846563,0.054588235294117604
2020-05-11,30358,30452,28660,29039,1327283,-0.003226581539834572
2020-05-12,29509,31585,28285,30831,3479841,0.061710113984641435
2020-05-13,31490,32433,29698,30360,2080168,-0.015276831760241305
2020-05-14,30736,31868,29604,31209,1723595,0.02796442687747036
2020-05-15,31490,32057,30171,31398,1505271,0.006055945400365248
2020-05-18,31206,32622,30641,31963,1995624,0.01799477673737182
2020-05-19,29793,31301,26871,30455,1399014,-0.04717955135625562
2020-05-20,30925,30925,29606,29606,535627,-0.027877195862748283
2020-05-21,29982,30169,28755,30077,557406,0.015908937377558496
2020-05-22,29982,30264,29133,29323,356138,-0.025068989593377
2020-05-25,29320,30453,29320,29888,332137,0.019268151280564805
2020-05-26,31112,31301,30171,30171,642247,0.009468683083511786
2020-05-27,30547,30547,29039,30266,524491,0.0031487189685459605
2020-05-28,29982,30358,28001,29417,640531,-0.02805127866252566
2020-05-29,29606,29982,28757,29701,492499,0.009654281537886167
2020-06-01,29700,30549,29511,29795,581605,0.0031648766034813036
2020-06-02,30076,30076,29038,29417,268340,-0.012686692398053312
2020-06-03,29509,29603,28000,28568,429603,-0.02886086276642763
2020-06-04,29227,29414,28284,28568,338786,0.0
2020-06-05,28567,28944,28095,28568,265985,0.0
2020-06-08,28851,29795,28190,29795,450352,0.042950154018482234
2020-06-09,29606,30171,29133,29606,256543,-0.006343346199026656
2020-06-10,29604,29698,29133,29228,190644,-0.01276768222657565
2020-06-11,29320,29415,28471,29039,202621,-0.006466402080197109
2020-06-12,28283,32150,28283,29888,3290723,0.02923654395812525
2020-06-15,30263,31112,27247,29417,999847,-0.015758832976445425
2020-06-16,29980,30358,29226,29888,473570,0.016011150015297293
2020-06-17,29228,29606,27436,28098,422118,-0.059890256959314825
2020-06-18,28284,28662,26398,27249,433777,-0.03021567371343159
2020-06-19,27528,27717,26398,26493,236223,-0.027744137399537627
2020-06-22,27530,27906,26776,27060,219775,0.021401879741818508
2020-06-23,27436,27529,25361,25834,248588,-0.045306725794530656
2020-06-24,25644,26115,24890,26023,220464,0.007315940233800333
2020-06-25,25928,27247,25928,26023,232972,0.0
2020-06-26,27058,31866,25077,29982,4069950,0.15213465011720406
2020-06-29,31679,33281,30170,30549,1982137,0.018911346808084817
2020-06-30,30736,30830,28473,30549,677399,0.0
2020-07-01,30453,31207,29888,29888,526953,-0.021637369471995793
2020-07-02,29415,30358,29133,30077,279777,0.0063236081370450226
2020-07-03,29982,31490,29793,31209,804516,0.037636732386873595
2020-07-06,31208,32622,30548,31492,1116240,0.009067897080970333
2020-07-07,31492,31679,29982,30644,412832,-0.026927473644100086
2020-07-08,31019,31679,30265,30360,319439,-0.009267719618848758
2020-07-09,30360,30831,29698,30455,238298,0.0031291172595520056
2020-07-10,30546,34978,30076,32622,3386151,0.07115416187818102
2020-07-13,35827,36676,33565,33660,3065840,0.03181901784072094
2020-07-14,33282,34130,31395,31963,854734,-0.05041592394533567
2020-07-15,31961,31961,29415,29888,909598,-0.06491881237681074
2020-07-16,29604,29793,27530,27909,773192,-0.06621386509635974
2020-07-17,28282,29225,27717,28190,485538,0.010068436705005457
2020-07-20,28284,28566,26963,28474,511861,0.010074494501596254
2020-07-21,28566,29039,27717,28474,466996,0.0
2020-07-22,28474,28852,28003,28098,325127,-0.013205029149399472
2020-07-23,28473,28944,27814,28663,415482,0.020108192753932608
2020-07-24,28473,28568,27908,28003,268854,-0.023026201025712623
2020-07-27,27906,29320,27717,28474,366460,0.016819626468592697
2020-07-28,28472,28755,27906,28474,244106,0.0
2020-07-29,28566,29039,28001,28474,255209,0.0
2020-07-30,28473,29322,28095,28757,372605,0.009938891620425716
2020-07-31,29320,30641,29225,29982,1017512,0.04259832388635809
2020-08-03,30925,31961,30171,31020,1139438,0.03462077246347817
2020-08-04,31209,31490,30076,30455,466067,-0.018214055448097954
2020-08-05,30925,31584,30641,30925,498008,0.015432605483500339
2020-08-06,31206,36017,30263,36017,2751723,0.16465642683912685
2020-08-07,33941,34790,32055,32528,3242388,-0.09687092206458059
2020-08-10,33186,34789,32619,33376,2023218,0.026069847515986178
2020-08-11,33563,34035,32433,32433,655540,-0.028253835091083368
2020-08-12,32055,32149,30170,30360,609689,-0.06391638146332435
2020-08-13,30641,31679,30076,31398,418629,0.034189723320158016
2020-08-14,31584,33187,30452,32057,988827,0.020988597999872516
2020-08-18,33754,35452,32622,35452,4765168,0.10590510652899532
2020-08-19,35165,35165,32997,33376,2232797,-0.05855805032156158
2020-08-20,33941,39222,33660,37149,9492390,0.11304530201342278
2020-08-21,36393,38655,35168,35263,3410373,-0.05076852674365395
2020-08-24,37995,40540,36392,36676,4035620,0.04007032867311344
2020-08-25,36676,37147,34979,36017,1492140,-0.017968153560911748
2020-08-26,36487,36770,35356,35546,1227690,-0.013077158008718115
2020-08-27,35544,36298,35449,35828,794794,0.007933382096438457
2020-08-28,35827,35827,34319,34603,694513,-0.03419113542480745
2020-08-31,34790,35168,33846,34414,452162,-0.005461954165823735
2020-09-01,34414,36111,33755,33755,630652,-0.0191491834718428
2020-09-02,33657,34317,32714,33376,492139,-0.01122796622722555
2020-09-03,33659,33849,33000,33849,326390,0.014171860019175364
2020-09-04,32528,33187,32338,32528,299844,-0.0390262637005524
2020-09-07,32620,33093,32433,32528,319392,0.0
2020-09-08,32811,34130,32716,33849,450509,0.04061116576487955
2020-09-09,33848,34979,33187,34038,654412,0.005583621377293291
2020-09-10,34603,34790,33565,33849,260244,-0.005552617662612391
2020-09-11,33942,34509,33282,33755,269278,-0.0027770392035215696
2020-09-14,33943,34037,32432,33189,365954,-0.016767886239075658
2020-09-15,34224,34224,32999,33189,290467,0.0
2020-09-16,33187,33187,31868,31868,265281,-0.039802344150170255
2020-09-17,32055,32150,30736,31020,239722,-0.02660976528178738
2020-09-18,30830,31490,30265,31303,183982,0.009123146357188805
2020-09-21,31300,31960,29133,29133,274967,-0.06932242916014442
2020-09-22,28755,29225,27622,28190,356296,-0.03236879140493598
2020-09-23,28284,29038,26776,27814,225165,-0.01333806314295849
2020-09-24,27058,27152,25360,25739,279307,-0.07460271805565544
2020-09-25,25833,26777,24985,26023,191997,0.011033839698511905
2020-09-28,26114,27528,26114,27436,151686,0.05429812089305619
2020-09-29,27812,28001,26868,27625,148949,0.006888759294357838
2020-10-05,27625,29417,27152,28663,196230,0.037574660633484136
2020-10-06,29039,29887,28284,28474,207866,-0.006593866657363168
2020-10-07,28944,29320,28472,28474,140309,0.0
2020-10-08,28755,28755,27719,27814,128751,-0.02317904052820119
2020-10-12,27719,28003,27154,27249,122799,-0.02031351118141944
2020-10-13,27153,27531,26871,26966,90767,-0.01038570222760471
2020-10-14,26776,27531,26776,26966,85561,0.0
2020-10-15,26869,27436,26209,26777,137389,-0.007008825928947582
2020-10-16,26587,27060,25833,26306,100083,-0.01758972252306079
2020-10-19,26021,26493,25361,25834,123676,-0.01794267467497912
2020-10-20,25455,28471,24417,26682,712992,0.032824959355887584
2020-10-21,26869,26964,25928,26023,171016,-0.024698298478374903
2020-10-22,25833,26871,25833,26117,144322,0.0036121892172309433
2020-10-23,26117,26493,25833,26117,68305,0.0
2020-10-26,26116,26398,24514,24514,119271,-0.061377646743500436
2020-10-27,23947,24890,23476,23855,128160,-0.026882597699273925
2020-10-28,23571,24512,23571,24420,71244,0.02368476210438053
2020-10-29,24041,25360,23570,24514,160393,0.003849303849303931
2020-10-30,24795,24982,23946,24136,100763,-0.015419760137064586
2020-11-02,24134,25077,24134,24796,74067,0.027345044746436953
2020-11-03,25077,26020,25077,25739,111509,0.03803032747217294
2020-11-04,26020,26020,24984,25174,164676,-0.021951124752321416
2020-11-05,25363,26682,25268,26401,124399,0.04874076428060703
2020-11-06,26964,26964,25455,25645,163078,-0.028635278966705813
2020-11-09,26304,26587,25833,26117,95544,0.018405147202183558
2020-11-10,24323,25361,23474,24231,279093,-0.07221350078492939
2020-11-11,24796,25172,23852,24231,149846,0.0
2020-11-12,24041,24703,24041,24703,89309,0.01947917956336931
2020-11-13,24607,24607,23758,24042,102099,-0.026757883657855364
2020-11-16,24323,26588,24136,25080,366901,0.04317444472173704
2020-11-17,24323,24512,23947,24042,167134,-0.04138755980861242
2020-11-18,24041,24703,23570,24703,113490,0.027493552949005906
2020-11-19,24701,25455,24323,24796,162352,0.0037647249321943743
2020-11-20,24796,25267,24701,25080,129978,0.01145346023552185
2020-11-23,25644,25736,24890,24890,116227,-0.007575757575757569
2020-11-24,24513,24890,24513,24703,89706,-0.007513057452792293
2020-11-25,24983,25077,23569,24042,135621,-0.026757883657855364
2020-11-26,24041,24512,24041,24420,87643,0.01572248565011236
2020-11-27,24700,24890,24417,24890,108961,0.01924651924651921
2020-11-30,24985,25269,24701,25269,122206,0.015226998794696689
2020-12-01,25268,25644,24890,25552,163658,0.011199493450472886
2020-12-02,25739,26115,24890,25174,181943,-0.014793362554790246
2020-12-03,24700,24982,24322,24890,136259,-0.011281480892984863
2020-12-04,24701,24795,24230,24514,112976,-0.015106468461229428
2020-12-07,24984,25833,24890,25174,246435,0.026923390715509532
2020-12-08,24984,26020,24984,25174,240308,0.0
2020-12-09,25550,25739,24890,24985,131105,-0.007507746087232814
2020-12-10,24796,25550,24609,24609,333458,-0.015049029417650628
2020-12-11,24796,25266,24512,24796,155037,0.007598845950668398
2020-12-14,24701,24796,24325,24420,105882,-0.015163736086465596
2020-12-15,24323,24606,23852,23947,119123,-0.019369369369369394
2020-12-16,23947,24231,23665,23855,124802,-0.0038418173466404637
2020-12-17,23852,24041,23476,23571,98323,-0.011905260951582508
2020-12-18,23571,23571,22155,22817,255247,-0.031988460396249585
2020-12-21,22628,22720,21401,21874,221421,-0.04132883376429852
2020-12-22,21591,22439,21215,21215,171071,-0.030127091524183913
2020-12-23,21306,21590,19987,20271,201201,-0.04449681828894647
2020-12-24,19892,21117,19892,20836,148957,0.027872329929455875
2020-12-28,20647,20836,20176,20271,107449,-0.027116529084277197
2020-12-29,20174,20928,19609,20647,112913,0.01854866558137247
2020-12-30,20552,21118,20458,20931,88398,0.01375502494309111
2021-01-04,20928,21212,20457,20647,113311,-0.013568391381204914
2021-01-05,20364,20647,19798,20177,180254,-0.02276359761708724
2021-01-06,20080,20174,19703,19893,151319,-0.014075432423055978
2021-01-07,19890,20834,19798,20647,188823,0.03790277987231683
2021-01-08,20647,20647,19892,20082,131836,-0.02736475032692398
2021-01-11,19985,20080,18609,18818,324715,-0.06294193805397874
2021-01-12,18610,18950,18421,18555,150003,-0.01397598044425552
2021-01-13,19137,19137,18778,18950,104375,0.0212880625168419
2021-01-14,18855,19137,18798,18950,50673,0.0
2021-01-15,18950,19045,18383,18555,105598,-0.020844327176780975
2021-01-18,18327,18327,17499,17499,177856,-0.05691188358932897
2021-01-19,17629,19043,17554,18856,181074,0.07754728841648095
2021-01-20,19139,19326,18818,19139,96308,0.015008485362749235
2021-01-21,19139,19515,18835,19139,140180,0.0
2021-01-22,19421,19515,18856,18856,62753,-0.014786561471341275
2021-01-25,19044,19231,18949,19139,66529,0.015008485362749235
2021-01-26,19234,19328,18667,18801,87348,-0.017660274831495903
2021-01-27,18950,18950,18345,18460,78430,-0.018137333120578747
2021-01-28,18253,18271,17554,17594,117644,-0.04691224268689054
2021-01-29,17628,17798,16591,16857,137580,-0.04188928043651241
2021-02-01,17026,17875,15762,17875,95974,0.06039034229103635
2021-02-02,17967,18288,17553,17743,55201,-0.007384615384615434
2021-02-03,17761,18044,17686,17913,45839,0.009581243307219767
2021-02-04,17893,17893,17422,17537,54882,-0.020990342209568524
2021-02-05,17537,17989,17365,17858,48106,0.018304156925357917
2021-02-08,18064,18102,17554,17726,66617,-0.007391645201030306
2021-02-09,17611,17800,17498,17688,42067,-0.0021437436533905396
2021-02-10,17705,17705,17176,17442,54252,-0.013907734056987753
2021-02-15,17310,17913,17290,17669,56779,0.013014562550166309
2021-02-16,17534,17912,17459,17517,52062,-0.008602637387514878
2021-02-17,17536,17536,17121,17198,88449,-0.018210880858594458
2021-02-18,17159,17251,16969,17159,78181,-0.0022677055471566065
2021-02-19,17081,17327,16742,16800,94416,-0.02092196514948419
2021-02-22,16817,16912,16366,16367,86757,-0.025773809523809477
2021-02-23,16441,18081,16402,16800,393884,0.02645567300054985
2021-02-24,16763,16895,16026,16141,94121,-0.03922619047619047
2021-02-25,16215,16780,16121,16141,52744,0.0
2021-02-26,15931,16138,15535,15782,94521,-0.02224149680936749
2021-03-02,15837,16611,15648,16084,122847,0.019135724242808294
2021-03-03,15780,16252,15780,16178,44241,0.005844317333996596
2021-03-04,16177,16177,15705,15782,45269,-0.024477685746074895
2021-03-05,15591,15762,15177,15367,58325,-0.02629578000253452
2021-03-08,15289,17648,15289,16536,467101,0.07607210255742825
2021-03-09,16687,17459,16650,17103,213450,0.03428882438316405
2021-03-10,17064,17347,16650,16708,107290,-0.02309536338654039
2021-03-11,16573,17178,16573,17178,59370,0.028130237012209625
2021-03-12,17198,17479,17064,17198,74329,0.0011642798928861442
2021-03-15,17385,17385,16875,17216,71398,0.0010466333294569807
2021-03-16,17139,17308,16989,17216,49722,0.0
2021-03-17,17196,17290,16706,17027,43336,-0.010978159851301128
2021-03-18,16949,17252,16949,17121,43768,0.00552064368356131
2021-03-19,17213,17402,17081,17253,46839,0.0077098300332925085
2021-03-22,17345,17365,16894,17253,70175,0.0
2021-03-23,17251,18420,17213,17517,239588,0.015301686663188985
2021-03-24,17440,17724,17233,17348,70049,-0.009647770736998296
2021-03-25,17272,17347,17064,17141,55864,-0.01193221120590271
2021-03-26,17139,17176,16895,16895,61602,-0.01435155475176475
2021-03-29,16931,17044,16516,16668,75831,-0.013435927789286817
2021-03-30,16894,17252,16553,16989,64838,0.019258459323254096
2021-03-31,17006,17063,16800,16800,42352,-0.011124845488257096
2021-04-01,17064,17064,16761,16895,30593,0.005654761904761996
2021-04-02,17025,17176,16686,17159,78140,0.015625924829831384
2021-04-05,17178,17273,16725,16840,70793,-0.01859082697126868
2021-04-06,16780,16799,16591,16668,48674,-0.010213776722090229
2021-04-07,16668,16914,16536,16783,44208,0.006899448044156431
2021-04-08,16820,17723,16800,17141,189391,0.02133110886015621
2021-04-09,17178,17384,16988,17178,101342,0.002158567178111026
2021-04-12,17328,17741,17213,17649,176905,0.027418791477471283
2021-04-13,17648,18007,17534,18007,143908,0.020284435378775
2021-04-14,18139,18176,17761,17838,145828,-0.009385239073693596
2021-04-15,17932,18101,17310,17330,153447,-0.028478528983069906
2021-04-16,17367,17725,17328,17594,126689,0.015233698788228445
2021-04-19,17591,18270,17573,18253,200338,0.037455950892349765
2021-04-20,18382,18382,17817,17875,137098,-0.02070892456034623
2021-04-21,17875,17892,17440,17574,104869,-0.016839160839160816
2021-04-22,17648,17893,17477,17517,134384,-0.00324342779105502
2021-04-23,17534,17704,17308,17517,100371,0.0
2021-04-26,17516,18195,17479,17800,184859,0.016155734429411428
2021-04-27,17837,17969,17422,17499,101520,-0.016910112359550533
2021-04-28,17459,17630,17063,17103,132688,-0.022629864563689317
2021-04-29,17101,17250,16723,16800,90022,-0.017716190142080368
2021-04-30,16857,16875,16367,16519,95435,-0.016726190476190506
2021-05-03,16516,16668,15857,16178,121741,-0.020642896059083427
2021-05-04,15988,16103,15349,15670,133777,-0.031400667573247665
2021-05-06,15613,15725,15349,15444,99346,-0.014422463305679645
2021-05-07,15441,15705,15421,15593,95748,0.009647759647759546
2021-05-10,15745,15820,15481,15765,83026,0.011030590649650396
2021-05-11,15763,15782,15442,15576,108296,-0.01198858230256894
2021-05-12,15650,15650,15404,15406,90644,-0.010914227015921929
2021-05-13,15367,15575,15292,15312,99152,-0.006101518888744661
2021-05-14,15387,15479,15292,15387,71095,0.004898119122257016
2021-05-17,15478,15535,15195,15329,103360,-0.0037694157405602224
2021-05-18,15292,15876,15292,15745,90793,0.027138104246852368
2021-05-20,15707,15894,15649,15707,69593,-0.0024134645919339226
2021-05-21,15856,15856,15591,15725,48257,0.001145985866174426
2021-05-24,15743,15743,15215,15367,77527,-0.02276629570747213
2021-05-25,15423,15480,15311,15406,41785,0.0025379059022581085
2021-05-26,15290,15611,15290,15556,56456,0.009736466311826453
2021-05-27,15555,15575,15348,15406,153696,-0.009642581640524561
2021-05-28,15461,15555,15348,15406,42889,0.0
2021-05-31,15461,15498,15291,15349,51983,-0.003699857198494083
2021-06-01,15347,15518,15329,15481,67724,0.0085999087888462
2021-06-02,15479,15630,15290,15292,109245,-0.012208513661908116
2021-06-03,15366,15443,15234,15274,79449,-0.001177086058069543
2021-06-04,15386,15386,15140,15180,120288,-0.006154249050674299
2021-06-07,15272,15272,15026,15160,97218,-0.0013175230566534468
2021-06-08,15160,15177,14970,15160,90487,0.0
2021-06-09,15461,16932,15386,15802,1341424,0.0423482849604222
2021-06-10,15951,16197,15555,16123,265221,0.020313884318440723
2021-06-11,16215,16235,15782,15859,132199,-0.01637412392234694
2021-06-14,15744,16008,15744,15896,95970,0.0023330600920612454
2021-06-15,15894,15894,15667,15782,97238,-0.007171615500754958
2021-06-16,15706,15951,15706,15896,112913,0.0072234190850335445
2021-06-17,15857,16101,15743,16009,132025,0.007108706592853453
2021-06-18,16215,16329,15800,15934,165082,-0.00468486476357044
2021-06-21,15933,16687,15839,16613,465750,0.0426132797790888
2021-06-22,16723,16743,16064,16141,270845,-0.028411484981640922
2021-06-23,16234,16536,15913,16481,279147,0.021064370237283914
2021-06-24,16496,16591,16178,16178,165110,-0.018384806747163362
2021-06-25,16178,16329,15991,15991,124362,-0.01155890715786867
2021-06-28,16120,16817,16026,16668,478110,0.04233631417672434
2021-06-29,16687,16762,16441,16745,231006,0.004619630429565591
2021-06-30,16931,16931,16667,16725,221114,-0.0011943863839952717
2021-07-01,16705,17439,16553,17422,486154,0.04167414050822127
2021-07-02,17422,17422,17082,17159,200537,-0.015095855814487469
2021-07-05,17252,20271,16969,18442,4755902,0.07477125706626264
2021-07-06,18554,19044,18290,18405,740724,-0.0020062899902396625
2021-07-07,18497,19043,18139,18856,681293,0.02450421081227927
2021-07-08,18722,18948,18157,18366,425929,-0.025986423419601223
2021-07-09,18288,18345,17365,17442,416795,-0.05031035609278012
2021-07-12,17554,18121,17554,17688,201030,0.01410388716890254
2021-07-13,18006,18026,17668,17688,121844,0.0
2021-07-14,17648,17969,17499,17820,137556,0.00746268656716409
2021-07-15,17892,17892,17571,17611,106902,-0.011728395061728403
2021-07-16,17740,17740,17364,17422,114247,-0.010731928908068844
2021-07-19,17422,17554,17178,17178,123732,-0.014005280679600496
2021-07-20,17084,17084,16631,16651,186732,-0.030678775177552686
2021-07-21,16743,16912,16479,16499,115589,-0.009128580866014091
2021-07-22,16630,16725,16120,16292,181132,-0.012546214922116494
2021-07-23,16385,16650,16310,16519,83037,0.013933218757672394
2021-07-26,16516,16648,16157,16215,106213,-0.01840305103214479
2021-07-27,16233,16347,16083,16310,78016,0.005858772741288876
2021-07-28,16290,16310,15743,15877,137848,-0.026548129981606383
2021-07-29,15877,16026,15743,15877,67809,0.0
2021-07-30,15875,15875,15554,15688,81458,-0.011904012092964655
2021-08-02,15669,16008,15669,15896,48115,0.013258541560428272
2021-08-03,15819,15989,15630,15745,67665,-0.00949924509310518
2021-08-04,15744,16008,15744,15991,65737,0.015624007621467095
2021-08-05,15988,16195,15894,16178,71381,0.01169407791882926
2021-08-06,16177,16177,15894,16046,52894,-0.008159228582025002
2021-08-09,16026,16083,15725,15820,66522,-0.014084507042253502
2021-08-10,15780,15817,15553,15593,66151,-0.014348925410872293
2021-08-11,15650,16404,15650,15971,191939,0.024241646892836588
2021-08-12,16083,17346,16064,16273,804558,0.01890927305741652
2021-08-13,16270,16422,15780,16046,122389,-0.013949486880108108
2021-08-17,16083,16666,16044,16442,303199,0.024679047737753868
2021-08-18,15687,16177,15649,15896,175728,-0.033207638973360876
2021-08-19,15820,15820,15064,15198,202945,-0.043910417715148475
2021-08-20,15157,15214,14234,14386,214638,-0.05342808264245291
2021-08-23,14384,14649,14214,14518,84130,0.009175587376616168
2021-08-24,14613,14951,14518,14934,88470,0.02865408458465346
2021-08-25,15102,15102,14612,14971,102700,0.0024775679657158545
2021-08-26,14933,14950,14592,14632,78214,-0.02264377797074346
2021-08-27,14632,14821,14518,14690,51186,0.003963914707490357
2021-08-30,14707,15234,14689,14916,104286,0.01538461538461533
2021-08-31,14876,15046,14725,14859,46561,-0.0038213998390989046
2021-09-01,14801,14990,14726,14784,60303,-0.00504744599232787
2021-09-02,14782,14876,14650,14745,49027,-0.0026379870129870087
2021-09-03,14744,14970,14744,14839,50422,0.006375042387249952
2021-09-06,14933,14933,14668,14802,44600,-0.0024934294763797604
2021-09-07,14744,14913,14744,14821,52615,0.0012836103229292295
2021-09-08,14764,14821,14575,14690,68683,-0.008838809796909763
2021-09-09,14595,14707,14443,14595,64895,-0.006466984343090565
2021-09-10,14500,14632,14443,14595,38375,0.0
2021-09-13,14556,14593,14292,14369,52103,-0.01548475505310043
2021-09-14,14312,14518,14160,14312,86373,-0.003966873129654158
2021-09-15,14292,14670,14235,14369,142455,0.0039826718837339126
2021-09-16,14443,14443,14179,14237,55318,-0.009186443037093706
2021-09-17,14084,14198,13820,14199,109897,-0.0026691016365807396
2021-09-23,14140,14140,13896,13991,53012,-0.014648918937953392
2021-09-24,13913,14065,13706,13821,84761,-0.012150668286755817
2021-09-27,13726,13763,13557,13557,77008,-0.019101367484263054
2021-09-28,13443,13557,13010,13030,112473,-0.0388729069853212
2021-09-29,12631,12877,12594,12746,100125,-0.021795855717574808
2021-09-30,12594,12935,12594,12766,88346,0.0015691197238349996
2021-10-01,12765,12877,12066,12106,129174,-0.05169982766724113
2021-10-05,11952,12084,11499,11539,94411,-0.046836279530811153
2021-10-06,11405,13177,11405,11841,414699,0.026172111968108203
2021-10-07,11803,12443,11803,12388,95774,0.04619542268389498
2021-10-08,12462,12519,12084,12350,77954,-0.0030674846625766694
2021-10-12,12273,12350,11690,11917,59557,-0.03506072874493926
2021-10-13,11728,12275,11728,12144,49738,0.019048418226063513
2021-10-14,12141,12634,12141,12634,42887,0.04034914361001318
2021-10-15,12651,12858,12350,12502,46014,-0.010447997467152081
2021-10-18,12500,12500,12179,12313,30534,-0.01511758118701012
2021-10-19,12216,12557,11934,11992,72533,-0.02607000730934783
2021-10-20,12029,12218,11992,12144,33218,0.012675116744496284
2021-10-21,12141,12273,11972,12067,36490,-0.0063405797101449
2021-10-22,12124,12124,11860,11955,33085,-0.009281511560454092
2021-10-25,11896,12161,11896,12030,31899,0.006273525721455453
2021-10-26,11972,12576,11972,12577,74584,0.045469659185369826
2021-10-27,12576,12669,12330,12577,59668,0.0
2021-10-28,12557,12576,12255,12370,51345,-0.016458614932018722
2021-10-29,12368,12368,11708,11992,93408,-0.030557801131770423
2021-11-01,11952,12064,11782,11972,58887,-0.0016677785190126748
2021-11-02,11952,12236,11952,12067,71513,0.007935182091546977
2021-11-03,12104,12236,11596,11691,94800,-0.03115936023866739
2021-11-04,11746,11783,11049,11370,208902,-0.027457018219142926
2021-11-05,11763,11763,11368,11445,69452,0.006596306068601621
2021-11-08,11539,11557,10992,11144,77101,-0.02629969418960243
2021-11-09,11009,11349,10914,11086,53121,-0.005204594400574303
2021-11-10,11011,11106,10464,10616,121446,-0.04239581454086239
2021-11-11,10519,10650,10292,10332,69969,-0.026752072343632305
2021-11-12,10274,10595,10237,10578,67496,0.023809523809523725
2021-11-15,10257,10747,10217,10710,91651,0.012478729438457181
2021-11-16,10595,10708,10330,10464,74324,-0.022969187675070057
2021-11-17,10427,10427,10011,10051,97520,-0.03946865443425074
2021-11-18,10011,10161,9934,9974,45149,-0.007660929260770111
2021-11-19,9916,10424,9916,10275,72516,0.03017846400641666
2021-11-22,10255,10972,10255,10728,129493,0.04408759124087602
2021-11-23,10539,10633,10350,10484,63811,-0.02274422073079796
2021-11-24,10501,10671,10407,10559,35955,0.007153758107592445
2021-11-25,10502,10822,10295,10315,76544,-0.023108248887205196
2021-11-26,10218,10313,9879,10069,83245,-0.023848763936015538
2021-11-29,9936,10483,9936,10220,82402,0.014996523984506904
2021-11-30,10198,10406,9710,9710,71916,-0.049902152641878694
2021-12-01,9653,9992,9096,9937,96647,0.023377960865087477
2021-12-02,9709,10406,9709,10389,74998,0.04548656536177931
2021-12-03,10406,10670,10180,10578,50421,0.0181923187987294
2021-12-06,10521,10539,10200,10352,47276,-0.02136509737190395
2021-12-07,10350,12631,10350,11049,2719871,0.06732998454404937
2021-12-08,11047,11387,10954,11313,189236,0.023893565028509478
2021-12-09,11275,11708,11218,11634,273183,0.02837443648899507
2021-12-10,11634,11634,11332,11390,70264,-0.020973010142685267
2021-12-13,11424,11462,11103,11218,57124,-0.01510096575943809
2021-12-14,11141,11312,11029,11181,37837,-0.003298270636477141
2021-12-15,11124,11256,10840,10880,53043,-0.026920668992040042
2021-12-16,10877,11066,10745,10785,30010,-0.008731617647058876
2021-12-17,10653,10917,10633,10673,33046,-0.010384793694946715
2021-12-20,10651,10745,10180,10238,72195,-0.04075705050126488
2021-12-21,10105,10274,10028,10200,36121,-0.003711662434069174
2021-12-22,10200,10312,10180,10295,31628,0.009313725490196045
2021-12-23,10237,11255,10217,10710,156310,0.04031083050024287
2021-12-24,10634,10840,10557,10634,47742,-0.00709617180205413
2021-12-27,10576,11124,10557,10955,58785,0.030186195222870138
2021-12-28,11029,11029,10651,10728,38239,-0.02072113190324054
2021-12-29,10727,10727,10462,10596,31289,-0.01230425055928408
2021-12-30,10576,10708,10464,10464,24983,-0.01245753114382786
2022-01-03,10444,10596,10349,10596,37437,0.012614678899082632
2022-01-04,10558,10822,10558,10653,42622,0.00537938844847119
2022-01-05,10728,10728,10464,10484,44105,-0.015864075847179193
2022-01-06,10369,10633,10294,10352,38848,-0.01259061426936281
2022-01-07,10406,10406,10274,10389,17183,0.003574188562596614
2022-01-10,10349,10538,10198,10275,34016,-0.010973144672249524
2022-01-11,10274,10331,10066,10200,36462,-0.007299270072992692
2022-01-12,10180,10613,10068,10389,38204,0.018529411764705905
2022-01-13,10556,10556,10255,10275,21214,-0.010973144672249524
2022-01-14,10200,10275,9954,10069,38444,-0.02004866180048659
2022-01-17,10066,10066,9615,9710,53588,-0.035653987486344185
2022-01-18,9633,9747,9407,9484,33948,-0.023274974253347014
2022-01-19,9407,9558,9257,9362,36533,-0.012863770560944787
2022-01-20,9267,9690,9267,9673,21619,0.03321939756462289
2022-01-21,9670,9877,9576,9653,31472,-0.00206761087563323
2022-01-24,9521,9633,9285,9352,33370,-0.031182015953589604
2022-01-25,9180,9349,8889,8899,78590,-0.04843883661248927
2022-01-26,8766,9087,8729,8749,41081,-0.016855826497359283
2022-01-27,8680,8737,8247,8267,61140,-0.05509201051548751
2022-01-28,8229,8662,8191,8570,37137,0.03665174791339054
2022-02-03,9332,9332,8804,8899,40045,0.03838973162193704
2022-02-04,8821,9028,8727,8936,31133,0.004157770536015182
2022-02-07,8936,8964,8672,8919,18146,-0.0019024171888988306
2022-02-08,8946,9220,8767,8919,28282,0.0
2022-02-09,8974,9143,8917,9051,18397,0.014799865455768613
2022-02-10,9058,9162,8814,8834,21052,-0.023975251353441585
2022-02-11,8708,8755,8464,8531,25880,-0.03429929816617616
2022-02-14,8303,8463,8105,8239,25698,-0.03422810924862263
2022-02-15,8200,8332,7605,7909,51914,-0.040053404539385884
2022-02-16,7965,9822,7965,9635,802470,0.21823239347578705
2022-02-17,9372,9635,9238,9372,135202,-0.027296315516346703
2022-02-18,9199,9578,9001,9578,53608,0.02198036705078965
2022-02-21,9444,10556,9416,10011,315322,0.04520776780121105
2022-02-22,9747,10105,9747,9842,75592,-0.016881430426530786
2022-02-23,9842,10086,9805,9805,64869,-0.003759398496240629
2022-02-24,9729,10048,9464,9598,49736,-0.021111677715451305
2022-02-25,9708,9822,9444,9521,31831,-0.008022504688476761
2022-02-28,9559,9972,9501,9559,43154,0.003991177397332235
2022-03-02,9503,9730,9409,9730,16500,0.017888900512605943
2022-03-03,9728,9974,9710,9862,20871,0.01356628982528263
2022-03-04,9954,9954,9708,9785,18029,-0.007807746907321
2022-03-07,9785,9879,9616,9616,15138,-0.017271333673990807
2022-03-08,9397,9728,9350,9427,20572,-0.01965474209650586
2022-03-10,9482,9651,9482,9559,13170,0.014002333722286986
2022-03-11,9464,9804,9464,9673,20049,0.011925933675070555
2022-03-14,9690,9879,9369,9409,25497,-0.02729246355835835
2022-03-15,9182,9332,9097,9145,35014,-0.028058242108619402
2022-03-16,9115,9342,9050,9098,35176,-0.005139420448332377
2022-03-17,9105,9284,9020,9060,38123,-0.004176742141129952
2022-03-18,9115,9331,8926,9314,26319,0.02803532008830012
2022-03-21,9321,9369,9068,9068,48303,-0.02641185312432892
2022-03-22,9001,9160,8973,9068,18220,0.0
2022-03-23,9068,9314,9068,9145,20740,0.00849139832377599
2022-03-24,9142,9247,9020,9078,25561,-0.00732640787315475
2022-03-25,9162,9162,8889,9088,18949,0.0011015642211940069
2022-03-28,9088,9115,8851,8966,22116,-0.013424295774647876
2022-03-29,8754,9132,8754,9068,20674,0.011376310506357346
2022-03-30,9068,9294,8973,9145,28359,0.00849139832377599
2022-03-31,9162,9341,9144,9334,19304,0.020667031164570693
2022-04-01,9294,9558,9257,9324,27496,-0.0010713520462823922
2022-04-04,9322,9822,9302,9521,78595,0.021128271128271203
2022-04-05,9521,9635,9418,9466,28708,-0.005776704127717691
2022-04-06,9463,9481,9227,9257,22649,-0.02207901964927106
2022-04-07,9267,9267,8956,8976,26204,-0.03035540671923953
2022-04-08,9058,9058,8889,8889,18242,-0.009692513368983913
2022-04-11,8946,9097,8881,9023,18523,0.01507481156485535
2022-04-12,8859,8953,8784,8814,19918,-0.023163027817798998
2022-04-13,8804,9098,8804,8929,14106,0.013047424551849263
2022-04-14,8953,9010,8926,8946,6138,0.001903908612386651
2022-04-15,8821,8953,8784,8946,12179,0.0
2022-04-18,8871,8993,8871,8976,7592,0.0033534540576793948
2022-04-19,8898,9105,8898,9003,13287,0.0030080213903742603
2022-04-20,9048,9538,8954,9399,36537,0.04398533822059303
2022-04-21,9406,9483,9331,9446,13622,0.005000531971486311
2022-04-22,9359,9416,9163,9163,18761,-0.029959771331780627
2022-04-25,9162,9199,8766,8871,18142,-0.031867292371494105
2022-04-26,8879,8993,8787,8787,18359,-0.009469056476158255
2022-04-27,8757,8757,8446,8486,29034,-0.03425514965289633
2022-04-28,8502,8550,8428,8428,13858,-0.006834786707518248
2022-04-29,8419,8550,8409,8419,11236,-0.0010678690080683229
2022-05-02,8304,8493,8294,8419,10992,0.0
2022-05-03,8361,8503,8361,8419,11115,0.0
2022-05-04,8408,8465,8361,8428,18071,0.0010690105713266895
2022-05-06,8303,8331,8199,8239,19195,-0.022425249169435224
2022-05-09,8144,8286,8069,8117,22012,-0.014807622284257804
2022-05-10,8011,8078,7729,7956,37813,-0.01983491437723295
2022-05-11,7841,8095,7841,7871,22230,-0.010683760683760646
2022-05-12,7851,7935,7729,7739,19089,-0.016770423072036578
2022-05-13,7719,8145,7719,8145,15994,0.05246155834087096
2022-05-16,8125,8304,8105,8145,20511,0.0
2022-05-17,8012,8201,8012,8117,17268,-0.0034376918354819264
2022-05-18,8115,8266,7926,8003,13562,-0.014044597757792321
2022-05-19,7899,7936,7710,7909,12401,-0.011745595401724374
2022-05-20,7908,8059,7843,7995,15262,0.010873688203312692
2022-05-23,8060,8087,7889,8023,12902,0.003502188868042433
2022-05-24,7945,8020,7738,7739,34761,-0.03539823008849563
2022-05-25,7739,7841,7701,7749,15358,0.00129215660938109
2022-05-26,7739,7973,7739,7834,23692,0.010969157310620758
2022-05-27,7834,7956,7796,7901,6215,0.008552463620117523
2022-05-30,8211,8211,7881,7948,12222,0.005948614099481109
2022-05-31,7869,8067,7869,8003,16038,0.006919979869149495
2022-06-02,7916,8077,7898,8003,13322,0.0
2022-06-03,8002,8134,8002,8107,15909,0.012995126827439751
2022-06-07,8229,8229,7701,7749,34198,-0.04415936844702106
2022-06-08,7719,7833,7719,7759,12671,0.0012904890953671089
2022-06-09,7757,7834,7568,7834,20768,0.009666194097177394
2022-06-10,7804,7879,7709,7834,16768,0.0
2022-06-13,7605,7813,7378,7418,48000,-0.053101863671176974
2022-06-14,7097,7343,6994,7231,52489,-0.02520895119978428
2022-06-15,7080,7239,6993,7080,36935,-0.020882312266629843
2022-06-16,7087,7428,7013,7080,30978,0.0
2022-06-17,6796,9202,6589,9202,1283620,0.2997175141242938
2022-06-20,10690,11955,10653,11955,1377953,0.29917409258856775
2022-06-21,14139,14157,10424,11972,12715015,0.001421999163529808
2022-06-22,11368,13140,10934,12067,3945004,0.007935182091546977
2022-06-23,11914,12233,9859,10143,1301071,-0.15944310930637273
2022-06-24,10424,11367,9954,10332,881542,0.01863354037267073
2022-06-27,10274,11066,10274,10842,630882,0.04936120789779319
2022-06-28,11141,11499,10538,10917,626922,0.006917542888766004
2022-06-29,10690,11690,10596,11295,897116,0.03462489694971138
2022-06-30,11369,11954,11160,11653,934302,0.03169544046038064
2022-07-01,11688,11972,11330,11935,439417,0.024199776881489665
2022-07-04,11802,11859,10954,11464,371192,-0.03946376204440716
2022-07-05,11462,12046,11178,11972,450056,0.04431263084438242
2022-07-06,11519,11764,11236,11709,317497,-0.021967925158703605
2022-07-07,11879,12387,11350,11748,654348,0.003330771201639715
2022-07-08,11745,11785,11048,11163,428102,-0.049795709908069474
2022-07-11,11029,11123,10727,10842,235208,-0.028755710830421943
2022-07-12,10747,10802,9690,9767,340964,-0.09915144807231135
2022-07-13,9934,10255,9426,9974,238477,0.02119381591071967
2022-07-14,9954,10009,9559,9559,143855,-0.04160818127130539
2022-07-15,9576,10028,9483,9710,200009,0.0157966314468041
2022-07-18,9862,10295,9615,9862,169849,0.01565396498455196
2022-07-19,9782,11103,9633,10407,1030519,0.0552626242141554
2022-07-20,10352,10521,10183,10183,149123,-0.021523974248102262
2022-07-21,10220,11218,10220,10805,749036,0.06108219581655705
2022-07-22,10746,10746,10482,10634,125088,-0.015826006478482202
2022-07-25,10633,10633,10180,10332,126662,-0.028399473387248464
2022-07-26,10332,10710,10181,10447,137038,0.011130468447541508
2022-07-27,10444,10596,10332,10484,89048,0.0035416866085957732
2022-07-28,10481,10670,10369,10464,69556,-0.0019076688286913113
2022-07-29,10501,11123,10444,10728,255733,0.025229357798165042
2022-08-01,11367,12027,11048,11539,1301684,0.07559656972408657
2022-08-02,11407,11596,11068,11163,235493,-0.03258514602651874
2022-08-03,11104,11104,10728,10955,142494,-0.018632983964883998
2022-08-04,10954,11444,10859,11295,217286,0.031036056595161954
2022-08-05,11218,11369,11048,11163,88851,-0.011686586985391711
2022-08-08,11161,11216,10387,10502,181495,-0.05921347308071312
2022-08-09,10464,10576,10218,10427,66746,-0.007141496857741347
2022-08-10,10369,10464,10068,10088,85773,-0.03251174834564108
2022-08-11,10028,10369,10028,10200,66752,0.011102299762093537
2022-08-12,10200,10596,10011,10427,87842,0.02225490196078428
2022-08-16,10424,10633,10406,10464,49966,0.003548479907931279
2022-08-17,10425,10501,10086,10370,54480,-0.008983180428134507
2022-08-18,10332,10616,10143,10447,49162,0.007425265188042429
2022-08-19,10519,10519,10235,10275,38035,-0.016464056666985694
2022-08-22,10255,10461,10143,10143,35746,-0.012846715328467151
2022-08-23,10143,10238,9558,9616,120317,-0.05195701468993397
2022-08-24,9670,9842,9444,9842,66181,0.023502495840266313
2022-08-25,9877,10461,9877,10143,78094,0.030583214793741043
2022-08-26,10198,10255,10011,10011,28222,-0.013013901212658996
2022-08-29,9804,9861,9597,9824,46765,-0.01867945260213766
2022-08-30,9822,10275,9728,10069,57172,0.02493892508143314
2022-08-31,10217,10651,9859,10596,135333,0.05233886185321279
2022-09-01,10558,11218,10426,10616,338820,0.0018875047187618677
2022-09-02,10614,10671,10350,10502,57461,-0.010738507912584794
2022-09-05,10501,10972,10501,10616,170886,0.01085507522376683
2022-09-06,10747,10859,10615,10842,72935,0.02128862094951023
2022-09-07,10822,11765,10822,11653,879387,0.07480169710385542
2022-09-08,11763,11763,11141,11218,435978,-0.03732944306187247
2022-09-13,11462,11594,11161,11445,182167,0.020235336067035092
2022-09-14,11069,11256,10616,11069,117287,-0.0328527741371778
2022-09-15,11238,11596,11011,11258,199367,0.017074713162887445
2022-09-16,11198,11444,10633,10748,154766,-0.0453011192041215
2022-09-19,10728,10746,9897,10069,164272,-0.06317454410122814
2022-09-20,10066,10237,9840,9974,64826,-0.009434899195550739
2022-09-21,9954,9974,9710,9805,62201,-0.016944054541808695
2022-09-22,9690,10217,9613,10143,79061,0.03447220805711382
2022-09-23,10255,10255,8784,9210,156338,-0.09198461993493046
2022-09-26,9048,9085,7823,7918,191500,-0.1402823018458198
2022-09-27,7736,7992,7463,7729,89562,-0.023869664056579976
2022-09-28,7729,7880,7258,7363,64958,-0.04735412084357615
2022-09-29,7391,7709,7211,7391,105559,0.0038027977726469153
2022-09-30,7172,7314,7125,7259,41392,-0.017859558923014496
2022-10-04,7360,7520,7303,7475,80354,0.029756164760986303
2022-10-05,8087,8087,6711,7174,87861,-0.040267558528428116
2022-10-06,7172,7445,7144,7428,39593,0.03540563144689157
2022-10-07,7408,7699,7266,7475,52642,0.006327409800753969
2022-10-11,7465,7465,6918,6948,58954,-0.07050167224080273
2022-10-12,6823,6945,6447,6806,95058,-0.02043753598157738
2022-10-13,6654,6711,6353,6515,58416,-0.04275639141933585
2022-10-14,6560,6899,6560,6712,51580,0.03023791250959329
2022-10-17,6579,7022,6505,6958,49427,0.036650774731823654
2022-10-18,7248,9038,6982,8361,2275976,0.20163840183960913
2022-10-19,8483,8756,8134,8182,541798,-0.021408922377705975
2022-10-20,8182,8219,7853,7901,119014,-0.03434368125152776
2022-10-21,7689,7878,7199,7239,237253,-0.08378686242247813
2022-10-24,7370,7484,7305,7410,82994,0.023622047244094446
2022-10-25,7447,7475,7173,7231,55541,-0.02415654520917676
2022-10-26,7408,7408,6973,7107,45118,-0.017148388881205956
2022-10-27,7079,7343,7069,7221,43747,0.016040523427606646
2022-10-28,7163,7644,7012,7410,161371,0.026173660157872813
2022-10-31,7447,7691,7296,7495,112266,0.011470985155195734
2022-11-01,7512,7549,7315,7542,62692,0.006270847231487631
2022-11-02,7512,7540,7361,7381,47469,-0.021347122779103667
2022-11-03,7164,7324,7070,7279,30653,-0.013819265682156856
2022-11-04,7296,7296,6824,6958,123286,-0.04409946421211708
2022-11-07,7002,7116,6880,7042,39731,0.012072434607645954
2022-11-08,7087,7323,7077,7286,43573,0.03464924737290542
2022-11-09,7428,7570,7286,7401,66981,0.015783694757068423
2022-11-10,7361,7465,7174,7269,45883,-0.01783542764491286
2022-11-11,7532,7532,7353,7458,59758,0.026000825423029283
2022-11-14,7674,8013,7542,7722,188012,0.03539823008849563
2022-11-15,7719,7776,7549,7674,59652,-0.006216006216006265
2022-11-16,7728,7965,7579,7853,113601,0.023325514725045515
2022-11-17,8069,8069,7522,7674,95842,-0.022793836750286567
2022-11-18,7692,7918,7530,7570,67841,-0.013552254365389649
2022-11-21,7617,7617,7221,7279,74928,-0.03844121532364597
2022-11-22,7276,7305,7126,7221,23565,-0.007968127490039834
2022-11-23,7266,7391,7192,7391,34085,0.02354244564464758
2022-11-24,7426,7598,7351,7598,40561,0.02800703558381823
2022-11-25,7644,7644,7445,7485,30328,-0.014872334824953981
2022-11-28,7530,7530,7249,7249,38314,-0.03152972611890448
2022-11-29,7286,7341,7181,7296,23681,0.006483652917643745
2022-11-30,7192,7530,7192,7466,32942,0.023300438596491224
2022-12-01,7520,7738,7465,7607,96444,0.018885614787034655
2022-12-02,7616,7701,7418,7485,29465,-0.016037859865912996
2022-12-05,7483,7568,7333,7381,32790,-0.013894455577822318
2022-12-06,7343,7343,7211,7231,30219,-0.020322449532583664
2022-12-07,7201,7201,6975,7117,41349,-0.015765454294011882
2022-12-08,7060,7144,6908,6938,38343,-0.025151046789377518
2022-12-09,6870,7079,6862,7042,22070,0.014989910637071224
2022-12-12,6975,7136,6910,7052,23346,0.0014200511218402934
2022-12-13,7050,7408,6985,7137,63978,0.012053318207600583
2022-12-14,7540,7540,7162,7296,101057,0.022278268179907634
2022-12-15,7485,7550,7211,7269,54542,-0.0037006578947368363
2022-12-16,7239,7259,7032,7137,29701,-0.01815930664465537
2022-12-19,7059,7154,6955,7032,28001,-0.014712063892391769
2022-12-20,6927,7201,6920,6920,35650,-0.015927189988623414
2022-12-21,6927,6994,6768,6920,32129,0.0
2022-12-22,6975,7004,6872,6920,17318,0.0
2022-12-23,6843,6918,6693,6741,25668,-0.02586705202312134
2022-12-26,6746,6766,6502,6654,30295,-0.01290609701824652
2022-12-27,6380,6729,6380,6505,33194,-0.022392545837090494
2022-12-28,6503,6530,6164,6259,60518,-0.037817063797079165
2022-12-29,6316,6316,5930,6072,38474,-0.02987697715289983
2023-01-02,6069,6323,5975,6005,40488,-0.01103425559947302
2023-01-03,6004,6258,5674,6251,63738,0.04096586178184847
2023-01-04,6276,6512,5919,6410,40649,0.025435930251159755
2023-01-05,6579,6579,6239,6316,24847,-0.014664586583463368
2023-01-06,6333,6881,6306,6826,98418,0.08074730842305256
2023-01-09,6748,7315,6748,7052,168230,0.03310870202168181
2023-01-10,7162,7229,6786,6938,56349,-0.01616562677254685
2023-01-11,6935,7059,6748,6843,35784,-0.013692706831940016
2023-01-12,6880,6917,6701,6853,31250,0.0014613473622679951
2023-01-13,6786,7030,6766,6853,33481,0.0
2023-01-16,6851,6955,6796,6806,23104,-0.006858310229096776
2023-01-17,6816,6948,6637,6647,36210,-0.023361739641492796
2023-01-18,6644,6748,6542,6542,19404,-0.01579659996991123
2023-01-19,6504,6739,6457,6552,40864,0.0015285845307244639
2023-01-20,6654,7709,6559,6975,2072283,0.06456043956043955
2023-01-25,6975,7070,6804,7070,142239,0.013620071684587787
2023-01-26,7032,7231,6967,7147,108349,0.0108910891089109
2023-01-27,7088,7247,7088,7155,74973,0.0011193507765496769
2023-01-30,7181,7266,7069,7117,46447,-0.005310971348707172
2023-01-31,7022,7228,6984,7164,42313,0.0066039061402276555
2023-02-01,7106,7286,7106,7286,47322,0.017029592406476723
2023-02-02,7313,7361,7229,7306,55051,0.0027449903925336194
2023-02-03,7306,7457,7211,7326,58919,0.0027374760470846304
2023-02-06,7278,7475,7278,7326,42895,0.0
2023-02-07,7350,7512,7286,7475,62769,0.02033852033852024
2023-02-08,7550,7595,7463,7550,91764,0.010033444816053505
2023-02-09,7530,7567,7445,7560,54706,0.0013245033112583293
2023-02-10,7446,7523,7135,7212,113839,-0.04603174603174598
2023-02-13,7209,7209,6918,7070,74402,-0.01968940654464779
2023-02-14,7067,7351,7050,7192,61523,0.017256011315417208
2023-02-15,7191,7229,6860,7107,80229,-0.011818687430478314
2023-02-16,7070,7164,7022,7137,44122,0.004221190375685913
2023-02-17,7134,7134,6955,6985,29698,-0.02129746392041476
2023-02-20,6993,7144,6938,7080,56179,0.013600572655690701
2023-02-21,7060,7436,7060,7334,107741,0.035875706214689274
2023-02-22,7333,7427,7116,7363,93943,0.003954185983092495
2023-02-23,7408,7455,7249,7316,50348,-0.006383267689800354
2023-02-24,7286,7316,6985,7147,80046,-0.023100054674685566
2023-02-27,7069,7144,6860,6985,52367,-0.022666853225129402
2023-02-28,7050,7737,6926,7371,305072,0.05526127415891202
2023-03-02,7445,8105,7436,8013,689492,0.08709808709808708
2023-03-03,8040,8050,7804,7938,134804,-0.009359790340696339
2023-03-06,7945,9030,7861,8871,1151372,0.11753590325018903
2023-03-07,10673,11522,10200,11522,4912283,0.29883891331304246
2023-03-08,12425,14971,11972,14971,15939935,0.2993403922930047
2023-03-09,15424,18612,14575,16651,17064589,0.11221695277536581
2023-03-10,16270,18326,15008,15820,7546744,-0.049906912497747924
2023-03-13,15516,18251,14573,17027,8308493,0.07629582806573953
2023-03-14,17723,18515,16574,17084,4880656,0.003347624361308421
2023-03-15,17440,17460,16780,17159,1956073,0.004390072582533433
2023-03-16,16630,16630,15272,15745,2152820,-0.0824057345999184
2023-03-17,15479,17383,14593,15688,4400298,-0.0036201968879009394
2023-03-20,15725,17121,15197,16009,2273334,0.020461499235084224
2023-03-21,16327,17912,15874,17517,4516824,0.09419701417952409
2023-03-22,17611,18572,17044,17706,3024645,0.010789518753211214
2023-03-23,17574,21702,17178,19724,7358650,0.11397266463345757
2023-03-24,20647,20667,19119,19913,1919421,0.009582234840803006
2023-03-27,19554,23496,18950,22648,6665392,0.13734746145733934
2023-03-28,22722,23307,21043,22648,2535851,0.0
2023-03-29,24646,24701,22402,22912,2899088,0.011656658424584965
2023-03-30,22740,22758,20968,21195,1773449,-0.07493889664804465
2023-03-31,20552,21664,19365,19517,2078325,-0.07916961547534795
2023-04-03,20042,22362,19080,21175,3635236,0.08495158067325925
2023-04-04,20816,24061,20269,21252,4755379,0.0036363636363636598
2023-04-05,21025,22891,20816,21874,2381412,0.029267833615659766
2023-04-06,21551,21760,20232,20705,957197,-0.05344244308311241
2023-04-07,21042,21326,20270,20460,979981,-0.011832890606133795
2023-04-10,20214,21195,19592,19819,1413166,-0.031329423264907175
2023-04-11,20079,20326,17912,18875,1284437,-0.047631061102981986
2023-04-12,18986,19175,17515,17913,1103533,-0.050966887417218554
2023-04-13,17723,17910,16553,17422,1003166,-0.027410260704516243
2023-04-14,17723,18251,16875,17027,885469,-0.022672483067386118
2023-04-17,17290,18083,16687,17103,1292334,0.004463499148411376
2023-04-18,17158,18704,17007,17405,2267343,0.017657720867684024
2023-04-19,17591,17760,15819,15839,1430536,-0.08997414536052861
2023-04-20,15839,16461,15254,15444,891059,-0.024938443083527995
2023-04-21,16330,16838,15349,15765,2837026,0.020784770784770812
2023-04-24,15177,15384,14705,14971,731640,-0.050364732001268675
2023-04-25,14970,14970,13876,14142,650093,-0.0553737225302251
2023-04-26,14142,14142,13557,13577,421556,-0.039951916277754185
2023-04-27,13480,14141,13330,14010,549054,0.03189217058260296
2023-04-28,14215,14234,13084,13142,503688,-0.06195574589578867
2023-05-02,13329,13990,13142,13595,418010,0.0344696393243038
2023-05-03,13500,13916,13293,13351,280453,-0.01794777491724897
2023-05-04,13197,13405,12876,13010,205913,-0.02554115796569545
2023-05-08,13217,13518,12915,12973,202661,-0.002843966179861601
2023-05-09,13008,13197,12443,12784,231798,-0.014568719648500705
2023-05-10,12726,12841,12368,12408,177097,-0.02941176470588236
2023-05-11,12537,12952,12198,12293,191820,-0.009268214055448087
2023-05-12,12274,12425,11992,12087,212906,-0.0167575042707232
2023-05-15,12104,12218,11728,12087,183500,0.0
2023-05-16,12065,12423,11575,11709,330615,-0.03127326880119141
2023-05-17,11821,12161,11577,11898,256580,0.016141429669485063
2023-05-18,12142,12839,12084,12463,494936,0.047486972600436994
2023-05-19,12614,12614,11877,11992,260525,-0.03779186391719491
2023-05-22,12066,12933,11745,12746,505910,0.06287525016677775
2023-05-23,12763,13480,12442,12746,536270,0.0
2023-05-24,12766,13351,12463,13351,340261,0.047465871646006574
2023-05-25,13010,13124,12557,12634,300330,-0.05370384240880832
2023-05-26,12745,12820,12462,12482,134172,-0.012031027386417592
2023-05-30,12499,12631,12046,12425,156194,-0.004566575869251688
2023-05-31,12311,12744,12273,12331,234973,-0.007565392354124789
2023-06-01,12313,13841,12181,13087,2859641,0.06130889627767422
2023-06-02,13045,13045,12517,12689,457068,-0.030411859096813654
2023-06-05,12669,13084,12368,12821,341581,0.010402711009535714
2023-06-07,12916,13802,12841,13426,1176546,0.047188206848139735
2023-06-08,13520,15839,13349,14237,4418365,0.060405183971398824
2023-06-09,14234,14667,13555,13632,903023,-0.042494907635035495
2023-06-12,13631,13875,13196,13236,476525,-0.029049295774647876
2023-06-13,13311,14989,13254,14123,2464819,0.06701420368691458
2023-06-14,14781,17536,14517,15707,7076380,0.11215747362458406
2023-06-15,16837,16969,15085,15444,1972157,-0.016744126822435867
2023-06-16,15894,15894,15085,15180,807138,-0.017094017094017144
2023-06-19,15234,15329,14480,14707,597189,-0.031159420289855078
2023-06-20,14498,14555,13953,13953,395682,-0.051268103624124595
2023-06-21,13801,14461,13291,13331,605180,-0.04457822690460833
2023-06-22,13328,13423,12990,13311,262393,-0.0015002625459454855
2023-06-23,13311,13574,12745,12746,320874,-0.042446097212831546
2023-06-26,12990,12990,12405,12614,195587,-0.010356190177310487
2023-06-27,12462,12632,12293,12388,162063,-0.017916600602505106
2023-06-28,12425,12612,11858,11898,218702,-0.03955440749112049
2023-06-29,11897,12084,11444,11502,180028,-0.033282904689863835
2023-06-30,11387,11613,11216,11482,208030,-0.0017388280299078795
2023-07-03,11576,12104,11576,12067,266544,0.05094931196655628
2023-07-04,12236,12594,11860,12144,190641,0.006381039197812299
2023-07-05,12313,12746,11935,12634,289690,0.04034914361001318
2023-07-06,12350,12614,11880,11880,189052,-0.05968022795630834
2023-07-07,11688,11802,11235,11407,205206,-0.03981481481481486
2023-07-10,11407,11462,10690,10785,232149,-0.054527921451740125
2023-07-11,10783,11141,10783,11049,132809,0.024478442280945867
2023-07-12,11048,11123,10840,10917,115231,-0.011946782514254739
2023-07-13,10917,11256,10765,11012,133213,0.008702024365668137
2023-07-14,11010,11199,10596,10823,164418,-0.01716309480566658
2023-07-17,10803,10803,10407,10502,146310,-0.02965905941051461
2023-07-18,10595,10802,10349,10389,160244,-0.010759855265663698
2023-07-19,10501,10576,9991,10238,174431,-0.01453460390797956
2023-07-20,10106,10370,9917,10183,167492,-0.005372142996678986
2023-07-21,8692,8973,8304,8391,1100170,-0.1759795737994697
2023-07-24,8361,8361,7814,8155,456620,-0.028125372422833972
2023-07-25,8125,8371,7993,8259,293821,0.012752912323727772
2023-07-26,8256,8388,7475,7806,478285,-0.054849255357791504
2023-07-27,7767,8143,7690,8041,239639,0.030105047399436424
2023-07-28,7766,8634,7766,8428,295041,0.048128342245989275
2023-07-31,8406,9133,8389,9031,267158,0.07154722354057896
2023-08-01,9048,9351,8690,8909,254175,-0.013509024471265674
2023-08-02,8976,8976,8485,8665,158548,-0.027388034571781295
2023-08-03,8643,8643,8210,8541,163330,-0.014310444316214643
2023-08-04,8540,8635,8239,8391,120104,-0.017562346329469625
2023-08-07,8388,8388,8030,8070,120464,-0.03825527350732927
2023-08-08,8134,8294,7880,8070,119592,0.0
2023-08-09,8142,8351,7879,8267,140508,0.024411400247831505
2023-08-10,8069,8249,7898,7938,100378,-0.03979678238780693
2023-08-11,7936,8190,7889,8041,135705,0.012975560594608249
2023-08-14,7285,7333,5683,6089,1719664,-0.2427558761348091
2023-08-16,6221,6258,5937,6062,326505,-0.004434225652816592
2023-08-17,5938,6201,5863,6137,227026,0.012372154404487024
2023-08-18,6032,6127,5890,6015,120946,-0.019879419912009144
2023-08-21,5852,6144,5842,5967,130427,-0.007980049875311757
2023-08-22,5890,5992,5748,5853,134136,-0.019105077928607384
2023-08-23,5853,5920,5703,5761,115366,-0.015718434990603103
2023-08-24,5739,6127,5739,6127,165773,0.0635306370421802
2023-08-25,6127,7965,6032,7391,4279072,0.20629998367879887
2023-08-28,7343,9598,6684,9598,5206871,0.2986064132052497
2023-08-29,9936,11971,8945,9381,8758188,-0.02260887684934365
2023-08-30,9224,10828,9224,9352,2099316,-0.0030913548662189205
2023-08-31,9509,9529,8347,8466,891221,-0.09473909324208729
2023-09-01,8613,8810,8111,8141,471978,-0.038388849515709866
2023-09-04,8042,8790,7884,8052,663114,-0.010932317897064281
2023-09-05,8032,8189,7795,7855,270512,-0.024465971187282665
2023-09-06,7895,7964,7678,7718,181035,-0.017441120305537905
2023-09-07,7678,7805,7490,7678,169783,-0.005182689816014552
2023-09-08,7599,7609,7195,7255,193952,-0.055092471997916115
2023-09-11,7186,7205,6989,7068,150048,-0.02577532736044108
2023-09-12,7048,7146,6900,6999,141257,-0.009762308998302216
2023-09-13,7009,7087,6832,6832,137528,-0.02386055150735822
2023-09-14,6821,6890,6575,6743,123310,-0.013026932084309162
2023-09-15,6752,7274,6595,6792,320299,0.007266795195017162
2023-09-18,6791,7047,6535,6595,160872,-0.02900471142520611
2023-09-19,6556,6753,6379,6507,105177,-0.01334344200151627
2023-09-20,6506,6752,6378,6428,93609,-0.012140771476871093
2023-09-21,6329,7176,6300,6999,215832,0.08883011823273179
2023-09-22,7018,7382,6535,6910,202582,-0.012716102300328602
2023-09-25,6910,8977,6654,7934,4103970,0.14819102749638202
2023-09-26,7795,8918,7471,7481,2636670,-0.05709604234938237
2023-09-27,7294,7540,6742,7107,344333,-0.04999331640155058
2023-10-04,7126,7146,6142,6339,172450,-0.10806247361756016
2023-10-05,6378,6614,5748,5847,322023,-0.07761476573592052
2023-10-06,5935,6604,5925,6083,382439,0.040362579100393425
2023-10-10,5974,6151,5630,5709,292782,-0.061482820976491825
2023-10-11,5620,5916,5620,5808,133718,0.01734104046242768
2023-10-12,5846,6279,5827,6211,182487,0.06938705234159781
2023-10-13,6290,6290,5926,6015,106535,-0.03155691515053938
2023-10-16,6043,6043,5738,5837,90495,-0.029592684954280912
2023-10-17,5867,6132,5857,5995,99710,0.027068699674490215
2023-10-18,5974,6122,5748,5965,107189,-0.005004170141784781
2023-10-19,5758,5965,5689,5719,101201,-0.04124056999161774
2023-10-20,5630,5768,5433,5522,81264,-0.034446581570204526
2023-10-23,5777,5777,5325,5394,72928,-0.023180007243752243
2023-10-24,5394,5611,5217,5562,72469,0.031145717463848754
2023-10-25,5561,5728,5364,5453,82785,-0.0195972671700827
2023-10-26,5414,5414,5178,5247,54701,-0.03777737025490557
2023-10-27,5256,5512,5197,5266,54474,0.0036211168286639506
2023-10-30,4271,4281,3860,3947,1683953,-0.25047474363843525
2023-10-31,3917,3937,3744,3908,455195,-0.009880922219407173
2023-11-01,3946,4251,3907,4055,363597,0.03761514841351077
2023-11-02,4085,4439,4075,4243,304287,0.04636251541307024
2023-11-03,4272,4547,4183,4479,249441,0.05562102286118309
2023-11-06,4331,5118,4331,4676,803641,0.043983031926769334
2023-11-07,4735,4735,4370,4420,224343,-0.054747647562018775
2023-11-08,4528,4528,4223,4223,160852,-0.04457013574660629
2023-11-09,4232,4281,4143,4183,70300,-0.009471939379588012
2023-11-10,4134,4144,3996,4036,82161,-0.03514224240975372
2023-11-13,4311,4380,3897,3947,229565,-0.02205153617443012
2023-11-14,3956,4163,3956,4055,108986,0.027362553838358172
2023-11-15,4085,4243,4065,4243,113345,0.04636251541307024
2023-11-16,4202,4252,4143,4193,51671,-0.011784115012962504
2023-11-17,4144,4252,3976,4036,102326,-0.03744335797758169
2023-11-20,3996,4163,3976,4134,72924,0.024281466798810714
2023-11-21,4094,4203,4094,4154,58987,0.004837929366231286
2023-11-22,4055,4144,4045,4095,69022,-0.014203177660086719
2023-11-23,4094,4202,4045,4134,100008,0.00952380952380949
2023-11-24,4193,4321,4084,4134,46030,0.0
2023-11-27,4203,4203,3976,4016,107302,-0.028543783260764344
2023-11-28,4016,4045,3937,3967,83516,-0.01220119521912355
2023-11-29,3976,4016,3888,3967,87188,0.0
2023-11-30,4035,5148,3996,5148,5672090,0.2977060751197378
2023-12-01,5148,6221,4872,5217,6790741,0.013403263403263477
2023-12-04,5414,5808,5207,5493,2026253,0.05290396779758488
2023-12-05,5502,5610,5157,5453,736195,-0.007281995266703034
2023-12-06,5611,5798,5325,5365,982744,-0.016137905739959657
2023-12-07,5364,5807,5364,5522,1207754,0.029263746505125754
2023-12-08,5581,5650,5227,5316,434211,-0.037305324157913766
2023-12-11,5334,5620,5167,5453,781519,0.025771256583897673
2023-12-12,5512,5610,5246,5512,390768,0.010819732257473014
2023-12-13,5571,5807,5344,5394,577403,-0.021407837445573286
2023-12-14,5492,5502,5187,5276,258066,-0.02187615869484616
2023-12-15,5237,5443,5168,5178,245773,-0.0185746777862017
2023-12-18,5177,5177,4921,5020,264579,-0.030513711857860226
2023-12-19,5088,5088,4793,4892,208408,-0.025498007968127512
2023-12-20,4891,5029,4744,4823,134427,-0.014104660670482438
2023-12-21,4793,4813,4527,4567,227950,-0.05307899647522285
2023-12-22,4528,4695,4518,4558,97634,-0.0019706590759798193
2023-12-26,4557,4577,4193,4420,102889,-0.030276437033786796
2023-12-27,4429,4774,4429,4587,134144,0.03778280542986434
2023-12-28,4616,4636,4449,4548,62999,-0.008502289077828684
2024-01-02,4547,4695,4380,4656,84539,0.0237467018469657
2024-01-03,4655,4655,4488,4567,58156,-0.019115120274914132
2024-01-04,4567,4567,4380,4449,79270,-0.025837530107291395
2024-01-05,4645,5088,4527,4705,528817,0.05754102045403453
2024-01-08,4862,4882,4626,4695,78290,-0.002125398512221044
2024-01-09,4724,4823,4626,4705,60038,0.0021299254526092604
2024-01-10,4744,4764,4518,4597,85208,-0.022954303931987274
2024-01-11,4557,4695,4557,4597,59302,0.0
2024-01-12,4685,4685,4557,4597,56668,0.0
2024-01-15,4596,4596,4498,4518,52178,-0.017185120730911496
2024-01-16,4518,5276,4449,5040,745021,0.11553784860557759
2024-01-17,5089,5098,4626,4656,258733,-0.07619047619047614
2024-01-18,4656,5050,4626,4745,225648,0.01911512027491402
2024-01-19,4695,4842,4626,4646,103777,-0.02086406743940994
2024-01-22,4655,4695,4360,4449,145760,-0.042402066293585894
2024-01-23,4449,4518,4350,4410,51936,-0.008766014834794333
2024-01-24,4478,4498,4262,4272,103974,-0.03129251700680269
2024-01-25,4272,4489,4095,4174,104475,-0.02294007490636707
2024-01-26,4252,4341,4124,4233,70201,0.014135122184954385
2024-01-29,4232,4232,4143,4193,43529,-0.009449562957713153
2024-01-30,4310,4330,4133,4183,40502,-0.0023849272597186166
2024-01-31,4183,4222,4094,4144,37686,-0.009323452067893867
2024-02-01,4094,4173,3986,4075,59598,-0.016650579150579103
2024-02-02,4065,4213,4065,4174,33611,0.024294478527607355
2024-02-05,4252,4272,4075,4174,33167,0.0
2024-02-06,4104,4921,4075,4351,669908,0.04240536655486338
2024-02-07,4420,4626,4252,4420,143562,0.015858423350953776
2024-02-08,4419,4439,4321,4390,62909,-0.006787330316742057
2024-02-13,4380,4508,4341,4430,90950,0.009111617312072884
2024-02-14,4429,4646,4331,4587,162381,0.035440180586907344
2024-02-15,4694,4694,4458,4498,69915,-0.019402659690429425
2024-02-16,4527,4586,4478,4518,71192,0.004446420631391668
2024-02-19,4518,4527,4409,4459,40169,-0.013058875608676357
2024-02-20,4459,4488,4419,4479,37888,0.004485310607759585
2024-02-21,4479,4518,4351,4420,52479,-0.01317258316588521
2024-02-22,4410,4675,4410,4420,88050,0.0
2024-02-23,4420,4469,4351,4420,50784,0.0
2024-02-26,4380,5443,4341,4656,1419676,0.05339366515837107
2024-02-27,4656,4852,4508,4597,137573,-0.01267182130584188
2024-02-28,3573,3829,3223,3229,2973764,-0.29758538177072
2024-02-29,3141,3267,3009,3130,497068,-0.030659646949519948
2024-03-04,3110,3179,3061,3061,244191,-0.02204472843450478
2024-03-05,3025,3084,3025,3063,120431,0.0006533812479581069
2024-03-06,3063,3091,3010,3034,145351,-0.009467841984982073
2024-03-07,3013,3064,2942,2980,203511,-0.017798286090969007
2024-03-08,2991,3009,2942,2988,105253,0.0026845637583892135
2024-03-11,3070,3216,2986,3124,335587,0.045515394912985174
2024-03-12,3159,3691,3150,3402,2351305,0.08898847631242002
2024-03-13,3617,3917,3245,3301,1084484,-0.02968841857730742
2024-03-14,3300,3300,3190,3238,162752,-0.019085125719478957
2024-03-15,3206,3269,3151,3189,109688,-0.015132798023471228
2024-03-18,3171,3346,3151,3278,112515,0.027908435246158714
2024-03-19,3281,3281,3185,3209,95376,-0.021049420378279393
2024-03-20,3209,3295,3189,3272,168784,0.019632284200685524
2024-03-21,3685,4252,3659,4252,2254589,0.29951100244498785
2024-03-22,5030,5473,4400,4784,7434695,0.1251175917215428
2024-03-25,4882,4961,4597,4597,1039959,-0.03908862876254182
2024-03-26,4528,4607,4341,4430,464425,-0.036328040026104014
2024-03-27,4409,5118,4291,4508,1815871,0.01760722347629806
2024-03-28,4488,4488,4173,4193,407306,-0.06987577639751552
2024-03-29,4242,4242,3937,3977,234329,-0.0515144288099213
2024-04-01,3976,4095,3906,4095,113613,0.029670605984410292
2024-04-02,4054,4064,3740,3740,270324,-0.08669108669108672
2024-04-03,3740,3901,3671,3813,173280,0.01951871657754012
2024-04-04,4075,4075,3740,3780,156298,-0.00865460267505902
2024-04-05,3779,3856,3704,3809,100164,0.007671957671957719
2024-04-08,3661,3695,3149,3205,668682,-0.15857180362299816
2024-04-09,3173,4095,3091,3800,1536239,0.18564742589703598
2024-04-11,0,0,0,3800,0,0.0
2024-04-12,0,0,0,3800,0,0.0
2024-04-15,0,0,0,3800,0,0.0
2024-04-16,0,0,0,3800,0,0.0
2024-04-17,0,0,0,3800,0,0.0
2024-04-18,0,0,0,3800,0,0.0
2024-04-19,0,0,0,3800,0,0.0
2024-04-22,0,0,0,3800,0,0.0
2024-04-23,0,0,0,3800,0,0.0
2024-04-24,0,0,0,3800,0,0.0
2024-04-25,0,0,0,3800,0,0.0
2024-04-26,0,0,0,3800,0,0.0
2024-04-29,0,0,0,3800,0,0.0
2024-04-30,0,0,0,3800,0,0.0
2024-05-02,3800,3855,3100,3305,618480,-0.13026315789473686
2024-05-03,3275,3425,3195,3345,114169,0.012102874432677657
2024-05-07,3315,3315,3185,3240,86280,-0.03139013452914796
2024-05-08,3205,3270,3175,3210,97884,-0.0092592592592593
2024-05-09,3490,3490,3265,3265,151260,0.017133956386292892
2024-05-10,3265,3295,3175,3200,61278,-0.019908116385911168
2024-05-13,3450,3450,3190,3200,74003,0.0
2024-05-14,3200,3285,3185,3210,32613,0.0031250000000000444
2024-05-16,3270,3315,3220,3250,54535,0.012461059190031154
2024-05-17,3210,3300,3200,3235,42200,-0.004615384615384577
2024-05-20,3240,3245,3170,3180,55967,-0.01700154559505407
2024-05-21,3180,3300,2985,3020,104159,-0.05031446540880502
2024-05-22,3120,3330,2965,2995,151513,-0.008278145695364225
2024-05-23,2990,3040,2940,3000,29412,0.0016694490818029983
2024-05-24,3000,3000,2850,2885,67704,-0.03833333333333333
2024-05-27,2880,2890,2740,2750,107071,-0.04679376083188913
2024-05-28,2750,2855,2750,2785,37793,0.012727272727272698
2024-05-29,2795,2865,2765,2795,38262,0.0035906642728904536
2024-05-30,2760,2790,2645,2670,59241,-0.04472271914132375
2024-05-31,2675,2740,2645,2740,25188,0.02621722846441954
2024-06-03,2740,2765,2715,2730,29971,-0.0036496350364964014
2024-06-04,2730,2875,2675,2720,55362,-0.00366300366300365
2024-06-05,2720,2805,2640,2740,54334,0.007352941176470562
2024-06-07,2740,2920,2740,2830,63856,0.03284671532846706
2024-06-10,2830,2885,2780,2855,25311,0.008833922261484162
2024-06-11,2840,3380,2805,3050,691366,0.06830122591943955
2024-06-12,3050,3050,2925,2970,112261,-0.02622950819672132
2024-06-13,2940,3220,2925,3000,124994,0.010101010101010166
2024-06-14,3100,3100,2965,2985,61016,-0.0050000000000000044
2024-06-17,2955,3020,2955,2970,33165,-0.005025125628140725
2024-06-18,2975,3010,2950,2950,32916,-0.006734006734006703
2024-06-19,3020,3055,2950,2965,49442,0.005084745762711895
2024-06-20,3040,3045,2920,2925,30218,-0.013490725126475533
2024-06-21,2925,2945,2865,2895,31759,-0.01025641025641022
2024-06-24,2880,2950,2880,2900,34914,0.0017271157167531026
2024-06-25,2885,3015,2885,2895,48685,-0.0017241379310344307
2024-06-26,2895,3010,2890,2925,26286,0.010362694300518172
2024-06-27,2920,2950,2715,2815,68808,-0.037606837606837584
2024-06-28,2765,2830,2765,2790,32787,-0.008880994671403242
2024-07-01,2830,2830,2765,2825,49162,0.012544802867383575
2024-07-02,2825,2830,2720,2775,55171,-0.017699115044247815
2024-07-03,2775,2960,2760,2790,79379,0.00540540540540535
2024-07-04,2790,2835,2745,2815,48434,0.008960573476702427
2024-07-05,2820,3645,2810,3310,2775165,0.17584369449378334
2024-07-08,3200,3915,3190,3570,2060523,0.0785498489425982
2024-07-09,3570,3695,3400,3405,360779,-0.04621848739495793
2024-07-10,3440,3660,3325,3340,208490,-0.019089574155653488
2024-07-11,3350,3630,3350,3405,270797,0.019461077844311392
2024-07-12,3415,4424,3415,4085,6291168,0.19970631424375918
2024-07-15,4125,4925,4100,4560,4848852,0.11627906976744184
2024-07-16,4560,4750,4100,4100,935854,-0.10087719298245612
2024-07-17,4135,5260,4135,4500,5005229,0.09756097560975618
2024-07-18,4540,5140,4520,4830,2734855,0.07333333333333325
2024-07-19,5000,5000,4660,4785,396069,-0.009316770186335366
2024-07-22,4750,4750,4610,4750,165068,-0.007314524555903867
2024-07-23,4650,4705,4650,4670,207111,-0.01684210526315788
2024-07-24,4590,4930,4210,4350,847349,-0.06852248394004279
2024-07-25,4220,4935,4220,4470,931340,0.02758620689655178
2024-07-26,4445,4570,4255,4260,195135,-0.046979865771812124
2024-07-29,4220,4295,4075,4090,152109,-0.039906103286385
2024-07-30,4175,4175,3980,4025,89782,-0.0158924205378973
2024-07-31,3980,4060,3880,4040,92879,0.003726708074534235
2024-08-01,4030,4500,3960,4015,369016,-0.006188118811881194
2024-08-02,4130,4330,4000,4015,219552,0.0
2024-08-05,4015,4410,3750,4040,435028,0.0062266500622665255
2024-08-06,4040,4275,4005,4215,206803,0.043316831683168244
2024-08-07,4135,4400,4115,4210,186974,-0.0011862396204033177
2024-08-08,4180,4870,4070,4585,1526675,0.0890736342042755
2024-08-09,4510,4620,4400,4465,324802,-0.026172300981461283
2024-08-12,4465,4645,4280,4280,295374,-0.0414333706606943
2024-08-13,4375,5560,4215,5560,7323244,0.2990654205607477
2024-08-14,5740,6400,5560,5800,7664985,0.043165467625899234
2024-08-16,5850,5990,5740,5800,1461100,0.0
2024-08-19,6200,6460,5360,5490,3342919,-0.05344827586206902
2024-08-20,5580,6240,5440,5860,3718785,0.06739526411657559
2024-08-21,5600,5750,5320,5420,736533,-0.07508532423208192
2024-08-22,5370,5790,5280,5370,568162,-0.009225092250922495
2024-08-23,5370,5460,4900,5030,433458,-0.06331471135940414
2024-08-26,5030,5060,4795,4940,265671,-0.017892644135188873
2024-08-27,4800,4880,4580,4640,283521,-0.06072874493927127
2024-08-28,4750,4780,4460,4460,191217,-0.03879310344827591
2024-08-29,4315,4805,4315,4510,494315,0.011210762331838486
2024-08-30,4550,4760,4360,4395,326785,-0.0254988913525499
2024-09-02,4470,4470,4175,4235,162260,-0.03640500568828209
2024-09-03,4430,4490,4270,4295,183094,0.01416765053128688
2024-09-04,4055,4980,4055,4350,1434455,0.012805587892898762
2024-09-05,4360,4980,4350,4695,901937,0.07931034482758625
2024-09-06,4730,4745,4400,4420,298889,-0.058572949946751884
2024-09-09,4380,4420,4170,4195,153811,-0.05090497737556565
2024-09-10,4155,4440,4000,4190,170552,-0.0011918951132300348
2024-09-11,4190,4320,4145,4220,109742,0.007159904534606243
2024-09-12,4330,4580,4220,4365,178149,0.034360189573459765
2024-09-13,4495,4495,4250,4305,89945,-0.013745704467353903
2024-09-19,4310,4380,4105,4165,132605,-0.03252032520325199
2024-09-20,4185,4185,4120,4135,76660,-0.007202881152461038
2024-09-23,4170,4570,4140,4250,423410,0.027811366384522307
2024-09-24,4255,4390,4250,4390,124641,0.03294117647058825
2024-09-25,4470,4480,4295,4295,111011,-0.021640091116173155
2024-09-26,4315,4380,4230,4360,59522,0.015133876600698537
2024-09-27,4370,4400,4270,4380,61707,0.004587155963302836
2024-09-30,4370,4400,3780,3935,240942,-0.10159817351598177
2024-10-02,3935,3955,3790,3840,57236,-0.02414231257941546
2024-10-04,3840,3935,3800,3850,31928,0.0026041666666667407
2024-10-07,3815,4075,3815,4070,84849,0.05714285714285716
2024-10-08,4050,4070,3935,3935,50501,-0.033169533169533194
2024-10-10,3950,4090,3935,4010,77165,0.019059720457433205
2024-10-11,4110,4110,3990,4045,32022,0.008728179551122262
2024-10-14,4045,4050,3810,3985,41118,-0.014833127317676165
2024-10-15,3945,4000,3900,3975,39522,-0.0025094102885822034
2024-10-16,3940,4050,3940,4030,43276,0.01383647798742138
2024-10-17,4010,4240,3965,4155,70082,0.03101736972704705
2024-10-18,4160,4380,4000,4350,183229,0.04693140794223827
2024-10-21,4350,4670,4310,4470,251204,0.02758620689655178
2024-10-22,4480,4515,4035,4100,182663,-0.08277404921700227
2024-10-23,4105,4400,4050,4370,92853,0.06585365853658542
2024-10-24,4400,4500,4280,4450,93011,0.01830663615560635
2024-10-25,4690,4690,4325,4380,83350,-0.01573033707865168
2024-10-28,4390,4660,4390,4500,64804,0.027397260273972712
2024-10-29,4405,4960,4405,4905,408539,0.09000000000000008
2024-10-30,4945,5020,4700,4830,232724,-0.015290519877675823
2024-10-31,4690,5100,4690,5090,176775,0.053830227743271175
2024-11-01,4990,5150,4905,5130,128633,0.007858546168958647
2024-11-04,5130,5500,4200,4300,1119928,-0.16179337231968816
2024-11-05,4340,4340,3935,4080,430096,-0.051162790697674376
2024-11-06,4085,4090,3930,3935,208466,-0.035539215686274495
2024-11-07,3930,3935,3660,3720,214675,-0.054637865311308764
2024-11-08,3690,3815,3690,3765,59808,0.012096774193548487
2024-11-11,3700,3755,3500,3530,143823,-0.062416998671978696
2024-11-12,3535,3570,3350,3420,122209,-0.031161473087818692
2024-11-13,3425,3505,3185,3245,106301,-0.051169590643274865
2024-11-14,3245,3250,3000,3060,115751,-0.057010785824345156
2024-11-15,3025,3185,3000,3135,90263,0.02450980392156854
2024-11-18,3140,3400,3075,3325,99387,0.06060606060606055
2024-11-19,3325,3350,3180,3215,74293,-0.03308270676691727
2024-11-20,3215,3335,3190,3250,44049,0.010886469673405896
2024-11-21,3220,3350,3180,3210,50568,-0.012307692307692353
2024-11-22,3260,3275,3110,3165,46329,-0.014018691588784993
2024-11-25,3140,3385,3140,3340,59049,0.05529225908372837
2024-11-26,3290,3390,3145,3375,82068,0.010479041916167775
2024-11-27,3390,3450,3270,3270,53920,-0.03111111111111109
2024-11-28,3300,3375,3250,3255,33574,-0.004587155963302725
2024-11-29,3305,4150,3200,3730,5352636,0.14592933947772657
2024-12-02,3550,3715,3400,3465,515637,-0.07104557640750675
2024-12-03,3430,3770,3375,3600,650755,0.03896103896103886
2024-12-04,3400,3535,3300,3310,246061,-0.0805555555555556
2024-12-05,3315,3370,3130,3165,131498,-0.04380664652567978
2024-12-06,3165,3245,3035,3070,111032,-0.03001579778830965
2024-12-09,3070,3070,2825,2825,168847,-0.07980456026058635
2024-12-10,2800,3060,2800,3020,83721,0.0690265486725663
2024-12-11,3025,3200,3025,3155,68494,0.04470198675496695
2024-12-12,3185,3215,3115,3165,52239,0.0031695721077653616
2024-12-13,3135,3225,3135,3210,48551,0.014218009478673022
2024-12-16,3220,3255,3170,3210,50092,0.0
2024-12-17,3210,3270,3115,3230,63420,0.006230529595015577
2024-12-18,3240,3245,3140,3175,32032,-0.017027863777089758
2024-12-19,3150,3190,3055,3070,42484,-0.03307086614173227
2024-12-20,3065,3115,2980,2990,32181,-0.026058631921824116
2024-12-23,2920,3040,2920,3000,43293,0.0033444816053511683
2024-12-24,2955,3055,2950,2990,33005,-0.0033333333333332993
2024-12-26,2985,3010,2875,2890,44854,-0.03344481605351168
2024-12-27,2895,2930,2825,2840,29160,-0.01730103806228378
2024-12-30,2815,2975,2800,2860,38112,0.007042253521126751
2025-01-02,2860,2945,2850,2945,39256,0.029720279720279796
2025-01-03,2995,3050,2935,2960,44667,0.005093378607809784
2025-01-06,3010,3080,2970,3045,84793,0.028716216216216228
2025-01-07,3110,3110,3015,3040,73623,-0.0016420361247947435
2025-01-08,3085,3135,3040,3065,40194,0.008223684210526327
2025-01-09,3070,3115,3010,3115,34902,0.01631321370309946
2025-01-10,3115,3115,3035,3080,14103,-0.011235955056179803
2025-01-13,3080,3090,2945,2950,35643,-0.04220779220779225
2025-01-14,2950,3030,2940,2975,21885,0.008474576271186418
2025-01-15,3000,3045,2910,2935,20760,-0.013445378151260456
2025-01-16,2940,3005,2940,2990,22965,0.01873935264054505
2025-01-17,3000,3000,2925,2955,24942,-0.01170568561872909
2025-01-20,2935,2995,2925,2960,24101,0.0016920473773265332
2025-01-21,2965,2965,2895,2920,40146,-0.013513513513513487
2025-01-22,2960,2960,2870,2900,22492,-0.006849315068493178
2025-01-23,2875,2925,2840,2880,29389,-0.006896551724137945
2025-01-24,2875,2925,2850,2900,16619,0.00694444444444442
2025-01-31,2875,2940,2820,2825,26931,-0.025862068965517238
2025-02-03,2775,2890,2690,2710,45851,-0.04070796460176995
2025-02-04,2660,2880,2660,2870,29419,0.05904059040590415
2025-02-05,2870,2890,2800,2855,17205,-0.005226480836236891
2025-02-06,2835,2890,2750,2830,19531,-0.008756567425569184
2025-02-07,2805,2850,2805,2825,14073,-0.0017667844522968323
2025-02-10,2825,3040,2810,2940,58418,0.04070796460176984
2025-02-11,2935,2950,2890,2895,21706,-0.015306122448979553
2025-02-12,2865,2945,2860,2905,23365,0.003454231433505983
2025-02-13,2910,3030,2900,2930,36826,0.008605851979345935
2025-02-14,2935,2985,2920,2920,24740,-0.0034129692832765013
2025-02-17,2870,3030,2870,3010,56589,0.03082191780821919
2025-02-18,2985,3025,2975,2985,44118,-0.00830564784053156
2025-02-19,2980,3190,2965,3120,94644,0.045226130653266416
2025-02-20,3095,3170,3095,3130,50293,0.0032051282051281937
2025-02-21,3220,3220,3110,3200,49353,0.022364217252396124
2025-02-24,3225,3435,3175,3285,173178,0.026562500000000044
2025-02-25,3240,3300,3225,3260,43728,-0.007610350076103556
2025-02-26,3550,3750,3310,3365,682569,0.03220858895705514
2025-02-27,3695,3695,3365,3450,151075,0.02526002971768193
2025-02-28,3520,3520,3370,3420,76366,-0.008695652173912993
2025-03-04,3420,3420,3240,3270,46072,-0.04385964912280704
2025-03-05,3245,3425,3245,3375,37584,0.032110091743119185
2025-03-06,3345,3455,3345,3365,37205,-0.002962962962962945
2025-03-07,3470,3470,3265,3370,73200,0.0014858841010401136
2025-03-10,3390,3685,3325,3640,185744,0.0801186943620178
2025-03-11,3645,3765,3535,3700,224959,0.016483516483516425
2025-03-12,3705,3765,3600,3655,79928,-0.012162162162162149
2025-03-13,3695,3695,3470,3470,60467,-0.050615595075239384
2025-03-14,3445,3600,3420,3425,37045,-0.012968299711815567
2025-03-17,3430,3580,3350,3350,31890,-0.021897810218978075
2025-03-18,3350,3495,3350,3470,34853,0.035820895522387985
2025-03-19,3440,3895,3440,3795,216677,0.09365994236311237
2025-03-20,3795,3795,3565,3635,67981,-0.04216073781291174
2025-03-21,3635,3685,3400,3590,46754,-0.012379642365887178
2025-03-24,3600,3850,3600,3725,108301,0.03760445682451263
2025-03-25,3720,3735,3600,3615,43811,-0.029530201342281903
2025-03-26,3560,3740,3520,3635,39542,0.0055325034578146415
2025-03-27,3630,3675,3570,3590,29031,-0.012379642365887178
2025-03-28,3565,3680,3485,3575,21867,-0.004178272980501441
2025-03-31,3570,3570,3245,3420,42711,-0.043356643356643354
2025-04-01,3445,3690,3445,3665,36961,0.07163742690058483
2025-04-02,3665,3665,3485,3500,27136,-0.04502046384720326
2025-04-03,3465,3575,3450,3500,48448,0.0
2025-04-04,3500,3695,3405,3570,38757,0.020000000000000018
2025-04-07,3570,3570,3350,3350,37332,-0.06162464985994398
2025-04-08,3360,3490,3250,3305,32675,-0.013432835820895495
2025-04-09,3305,3340,3225,3250,35510,-0.016641452344931973
2025-04-10,3300,3595,3300,3455,54627,0.06307692307692303
2025-04-11,3460,3530,3345,3450,15763,-0.0014471780028944004
2025-04-14,3455,3695,3455,3590,55433,0.04057971014492745
2025-04-15,3590,3650,3500,3605,34517,0.00417827298050133
2025-04-16,3640,3640,3515,3535,25027,-0.01941747572815533
2025-04-17,3510,3565,3475,3530,22618,-0.0014144271570014633
2025-04-18,3535,3645,3460,3565,25762,0.009915014164305846
2025-04-21,3635,3635,3505,3530,18062,-0.009817671809256634
2025-04-22,3630,3635,3465,3585,15647,0.015580736543909346
2025-04-23,3650,3980,3600,3735,177948,0.04184100418410042
2025-04-24,3790,3795,3650,3700,36875,-0.009370816599732268
2025-04-25,3700,3780,3640,3680,24549,-0.00540540540540535
2025-04-28,3690,3830,3660,3660,26491,-0.005434782608695676
2025-04-29,3660,3690,3560,3585,38786,-0.020491803278688492
2025-04-30,3585,3585,3425,3490,39897,-0.02649930264993028
2025-05-02,3470,3595,3450,3515,24866,0.007163323782235054
2025-05-07,3515,3740,3510,3650,71005,0.038406827880512084
2025-05-08,3540,3710,3540,3600,22186,-0.013698630136986356
2025-05-09,3600,3620,3490,3500,30508,-0.02777777777777779
2025-05-12,3500,3645,3500,3575,34294,0.021428571428571352
2025-05-13,3575,3655,3505,3560,19493,-0.004195804195804231
2025-05-14,3560,3625,3530,3585,13532,0.0070224719101124045
2025-05-15,3585,3725,3550,3685,62231,0.02789400278940035
2025-05-16,3695,3715,3600,3675,22262,-0.0027137042062415073
2025-05-19,3665,3755,3650,3730,74622,0.014965986394557929
2025-05-20,3790,4285,3735,4145,484860,0.11126005361930291
2025-05-21,4170,4175,4045,4150,73906,0.0012062726176116367
2025-05-22,4280,4280,3965,4085,70233,-0.015662650602409678
2025-05-23,4090,4130,3950,4060,88449,-0.006119951040391647
2025-05-26,4075,4210,4075,4140,69673,0.019704433497536922
2025-05-27,4140,4210,3955,3955,61978,-0.04468599033816423
2025-05-28,3955,4060,3950,4000,36140,0.011378002528444897
2025-05-29,4050,4065,3910,4000,46951,0.0
2025-05-30,3995,4060,3945,4000,20862,0.0
2025-06-02,4235,4235,4000,4085,63893,0.02124999999999999
2025-06-04,4090,4990,4085,4350,684669,0.06487148102815188
2025-06-05,4375,4520,4365,4490,74910,0.03218390804597693
2025-06-09,4500,4600,4375,4420,50370,-0.015590200445434244
2025-06-10,4410,4570,4345,4480,53864,0.013574660633484115
2025-06-11,4490,4730,4425,4520,40982,0.008928571428571397
2025-06-12,4520,4740,4505,4715,103760,0.04314159292035402
2025-06-13,4725,4725,4250,4300,131627,-0.088016967126193
2025-06-16,4240,4385,4200,4270,41059,-0.006976744186046546
2025-06-17,4275,4360,4160,4190,60241,-0.0187353629976581
2025-06-18,4190,4385,4165,4300,42471,0.026252983293556076
2025-06-19,4285,4420,4230,4365,42571,0.015116279069767424
2025-06-20,4320,4445,4320,4385,35382,0.004581901489117968
2025-06-23,4370,4420,4155,4200,78498,-0.04218928164196123
2025-06-24,4150,4400,4150,4315,49805,0.027380952380952284
2025-06-25,4315,4375,4195,4235,25646,-0.018539976825028948
2025-06-26,4520,4520,4120,4125,47660,-0.025974025974025983
2025-06-27,4325,4325,3990,4000,42277,-0.030303030303030276
2025-06-30,4000,4020,3960,3965,21204,-0.008750000000000036
2025-07-01,3965,4030,3915,3960,28344,-0.0012610340479193294
2025-07-02,4060,4060,3895,4000,35805,0.010101010101010166
2025-07-03,4050,4100,3970,4040,19709,0.010000000000000009
2025-07-04,4040,4120,4000,4105,23205,0.016089108910890992
2025-07-07,4105,4320,4060,4090,58238,-0.0036540803897685548
2025-07-08,4090,4175,3990,4020,42322,-0.017114914425427896
2025-07-09,4090,4090,3930,3935,43233,-0.021144278606965217
2025-07-10,4020,4050,3930,4030,29448,0.02414231257941557
2025-07-11,4080,4110,4005,4075,13851,0.011166253101736912
2025-07-14,3970,4070,3970,3985,23097,-0.02208588957055213
2025-07-15,3985,4060,3955,4035,21840,0.012547051442910906
2025-07-16,4095,5230,4000,4450,1897712,0.10285006195786872
2025-07-17,4435,4500,4220,4275,240688,-0.0393258426966292
2025-07-18,4275,4425,4200,4320,123490,0.010526315789473717
2025-07-21,4350,4350,4220,4260,74636,-0.01388888888888884
2025-07-22,4270,4285,4110,4180,43610,-0.018779342723004744
2025-07-23,4275,4630,4165,4200,232857,0.004784688995215225
2025-07-24,4150,4310,4140,4160,55965,-0.00952380952380949
2025-07-25,4130,4250,4130,4165,43109,0.0012019230769231282
2025-07-28,4180,4200,4095,4130,47489,-0.008403361344537785
2025-07-29,4100,4220,4030,4215,48776,0.02058111380145289
2025-07-30,4175,4340,4175,4210,91881,-0.0011862396204033177
2025-07-31,4220,4295,4000,4155,100628,-0.013064133016627122
2025-08-01,4220,4220,3950,4010,83968,-0.03489771359807459
2025-08-04,4025,4080,3955,3980,45235,-0.007481296758104716
2025-08-05,4000,4150,3970,4075,68477,0.023869346733668362
2025-08-06,4190,4190,4055,4110,32905,0.008588957055214674
2025-08-07,4050,4190,4045,4160,67898,0.012165450121654597
2025-08-08,4115,4265,4090,4110,43482,-0.012019230769230727
2025-08-11,4110,4350,4110,4270,109016,0.038929440389294356
2025-08-12,4300,4465,4185,4300,111576,0.007025761124121788
2025-08-13,4350,4610,4300,4395,166796,0.02209302325581386
2025-08-14,4395,4490,4370,4420,51937,0.005688282138794021
2025-08-18,4445,4470,4370,4380,75261,-0.009049773755656076
2025-08-19,4355,4465,4290,4310,39576,-0.01598173515981738
2025-08-20,4285,4355,4220,4355,30989,0.010440835266821269
2025-08-21,4495,4495,4310,4385,30385,0.006888633754305484
2025-08-22,4385,4790,4335,4700,302728,0.07183580387685295
2025-08-25,4670,5090,4620,4995,302829,0.06276595744680846
2025-08-26,4995,5270,4955,5230,292995,0.047047047047046986
2025-08-27,5300,5350,5100,5220,110954,-0.0019120458891013214
2025-08-28,5250,5270,5110,5220,70165,0.0
2025-08-29,5220,5470,5200,5440,156094,0.04214559386973171
2025-09-01,5520,5680,5420,5480,146424,0.007352941176470562
2025-09-02,5520,5550,5100,5170,143794,-0.05656934306569339
2025-09-03,5170,5250,4995,5050,61697,-0.023210831721469982
2025-09-04,5100,5140,4990,5030,45761,-0.003960396039603964
2025-09-05,5030,5040,4760,4890,130981,-0.027833001988071593
2025-09-08,4900,4935,4810,4865,32763,-0.005112474437627856
2025-09-09,4940,4940,4790,4800,37454,-0.01336073997944498
2025-09-10,4805,4850,4740,4830,54373,0.006250000000000089
2025-09-11,4850,5030,4845,4905,65353,0.01552795031055898
2025-09-12,4905,4945,4810,4925,40835,0.004077471967380175
2025-09-15,4925,5170,4925,5070,84257,0.029441624365482255
2025-09-16,5080,5430,5060,5240,94522,0.0335305719921104
2025-09-17,5240,5480,5150,5250,109915,0.001908396946564972
2025-09-18,5200,5500,5200,5410,113319,0.030476190476190546
2025-09-19,5650,6330,5380,6200,844185,0.14602587800369693
2025-09-22,6200,6600,6090,6510,371213,0.050000000000000044
2025-09-23,6520,6910,6520,6830,356928,0.04915514592933956
2025-09-24,6830,6840,5880,6180,348707,-0.09516837481698392
2025-09-25,6200,6420,6100,6270,121668,0.014563106796116498
2025-09-26,6270,6390,5890,5980,194122,-0.046251993620414655
2025-09-29,6100,6230,5980,5990,78974,0.0016722408026756952
2025-09-30,6330,6700,5900,6220,269737,0.038397328881469184
2025-10-01,6270,6430,6140,6390,74806,0.027331189710610992
2025-10-02,6390,6390,6100,6210,56830,-0.028169014084507005
2025-10-10,6200,6850,6170,6820,232405,0.09822866344605474
2025-10-13,6470,7300,6470,7170,241778,0.0513196480938416
2025-10-14,7150,7210,6900,7000,210701,-0.023709902370990243
2025-10-15,7000,7530,6900,7430,146516,0.06142857142857139
2025-10-16,7430,7700,7290,7340,123708,-0.012113055181695809
2025-10-17,7340,7540,7210,7290,131586,-0.006811989100817484
2025-10-20,7250,7290,6880,7100,146624,-0.026063100137174167
2025-10-21,7100,7290,6900,7080,84542,-0.0028169014084507005
2025-10-22,7080,7160,6650,6740,132834,-0.04802259887005644
2025-10-23,6740,6940,6600,6790,66452,0.007418397626112849
2025-10-24,6820,7090,6750,6800,130791,0.0014727540500736325
2025-10-27,6820,7040,6660,6980,130163,0.026470588235294024
2025-10-28,7000,7070,6620,6850,109427,-0.01862464183381085
2025-10-29,6850,7870,6690,7290,338467,0.06423357664233587
2025-10-30,7250,7680,7150,7160,180691,-0.017832647462277085
2025-10-31,7170,7400,6850,7200,132763,0.005586592178770999
2025-11-03,7330,7800,7230,7560,270867,0.050000000000000044
2025-11-04,7520,7990,7420,7800,184901,0.031746031746031855
2025-11-05,7800,7800,7430,7770,117545,-0.0038461538461538325
2025-11-06,7780,7850,7400,7620,122756,-0.019305019305019266
2025-11-07,7610,7730,7200,7350,138328,-0.03543307086614178
2025-11-10,7350,7680,7150,7640,89564,0.039455782312925125
2025-11-11,7660,8360,7660,8020,294244,0.04973821989528804
2025-11-12,8030,8310,7950,8110,87026,0.01122194513715713
2025-11-13,8240,8700,8060,8560,280153,0.055487053020961685
2025-11-14,8550,8550,7950,8050,146307,-0.05957943925233644
2025-11-17,8050,8290,7910,8180,84151,0.016149068322981464
2025-11-18,8170,8170,7780,7910,82158,-0.0330073349633252
2025-11-19,7910,8030,7620,7820,70211,-0.011378002528445008
2025-11-20,7830,8090,7700,7700,41833,-0.01534526854219953
2025-11-21,7320,7660,7250,7250,93603,-0.058441558441558406
2025-11-24,7250,7340,6070,6740,304668,-0.07034482758620686
2025-11-25,6800,7100,6380,6480,109320,-0.03857566765578635
2025-11-26,6580,6740,6420,6590,47495,0.016975308641975273
2025-11-27,6590,6840,6570,6770,39064,0.0273141122913505
2025-11-28,6750,7080,6500,6560,58890,-0.03101920236336775
2025-12-01,6590,7480,6480,7180,205852,0.09451219512195119
2025-12-02,7220,7310,7040,7090,69375,-0.012534818941504211
2025-12-03,7050,7350,7010,7180,56811,0.012693935119887145
2025-12-04,7180,7310,6940,7040,52550,-0.01949860724233987
2025-12-05,7110,7400,6960,7280,56437,0.03409090909090917
2025-12-08,7310,7570,6860,7550,82849,0.03708791208791218
